period,LSOA,SHEF_A,report_count,user_count,average
2008-2,E01000001,Traffic Lights,1,1,1.0
2008-2,E01000002,Street Lights,1,1,1.0
2008-2,E01000040,Abandoned Vehicles,1,1,1.0
2008-2,E01000207,Pavement /Footway Defects,2,1,2.0
2008-2,E01000210,Highway Condition,1,1,1.0
2008-2,E01000236,Other,1,1,1.0
2008-2,E01000238,Abandoned Vehicles,1,1,1.0
2008-2,E01000238,Rubbish,1,1,1.0
2008-2,E01000246,Abandoned Vehicles,1,1,1.0
2008-2,E01000248,Dog Fouling,1,1,1.0
2008-2,E01000286,Pavement /Footway Defects,1,1,1.0
2008-2,E01000310,Fly-tipping,1,1,1.0
2008-2,E01000408,Fly-tipping,1,1,1.0
2008-2,E01000690,Dog Fouling,1,1,1.0
2008-2,E01000695,Pavement /Footway Defects,1,1,1.0
2008-2,E01000699,Rubbish,1,1,1.0
2008-2,E01000751,Graffiti,1,1,1.0
2008-2,E01000756,Graffiti,2,1,2.0
2008-2,E01000775,Fly-tipping,1,1,1.0
2008-2,E01000802,Dog Fouling,1,1,1.0
2008-2,E01000863,Traffic Lights,1,1,1.0
2008-2,E01000914,Street Signs,1,1,1.0
2008-2,E01000969,Zebra Crossing,1,1,1.0
2008-2,E01000985,Other,1,1,1.0
2008-2,E01001027,Potholes,1,1,1.0
2008-2,E01001162,Open Spaces/Parks,1,1,1.0
2008-2,E01001211,Potholes,1,1,1.0
2008-2,E01001237,Graffiti,1,1,1.0
2008-2,E01001245,Pavement /Footway Defects,1,1,1.0
2008-2,E01001252,Street Lights,1,1,1.0
2008-2,E01001253,Fly-tipping,2,1,2.0
2008-2,E01001277,Traffic Lights,1,1,1.0
2008-2,E01001302,Other,1,1,1.0
2008-2,E01001311,Street Lights,1,1,1.0
2008-2,E01001321,Highway Condition,1,1,1.0
2008-2,E01001321,Pavement /Footway Defects,1,1,1.0
2008-2,E01001326,Dog Fouling,1,1,1.0
2008-2,E01001381,Fly-tipping,1,1,1.0
2008-2,E01001381,Potholes,1,1,1.0
2008-2,E01001394,Potholes,1,1,1.0
2008-2,E01001403,Other,1,1,1.0
2008-2,E01001404,Open Spaces/Parks,1,1,1.0
2008-2,E01001465,Potholes,1,1,1.0
2008-2,E01001501,Potholes,1,1,1.0
2008-2,E01001506,Other,2,1,2.0
2008-2,E01001506,Potholes,1,1,1.0
2008-2,E01001530,Highway Condition,1,1,1.0
2008-2,E01001568,Potholes,1,1,1.0
2008-2,E01001570,Other,1,1,1.0
2008-2,E01001686,Graffiti,1,1,1.0
2008-2,E01001716,Potholes,1,1,1.0
2008-2,E01001731,Street Name Plates,1,1,1.0
2008-2,E01001742,Fly-tipping,1,1,1.0
2008-2,E01001824,Street Name Plates,1,1,1.0
2008-2,E01001845,Potholes,1,1,1.0
2008-2,E01001886,Street Lights,1,1,1.0
2008-2,E01001894,Street Cleaning,1,1,1.0
2008-2,E01001903,Street Name Plates,1,1,1.0
2008-2,E01001933,Dog Fouling,1,1,1.0
2008-2,E01001966,Abandoned Vehicles,1,1,1.0
2008-2,E01002000,Street Signs,1,1,1.0
2008-2,E01002002,Pavement /Footway Defects,1,1,1.0
2008-2,E01002003,Potholes,1,1,1.0
2008-2,E01002013,Other,1,1,1.0
2008-2,E01002018,Rubbish,1,1,1.0
2008-2,E01002019,Pavement /Footway Defects,1,1,1.0
2008-2,E01002019,Rubbish,1,1,1.0
2008-2,E01002030,Fly-tipping,1,1,1.0
2008-2,E01002037,Abandoned Vehicles,1,1,1.0
2008-2,E01002047,Potholes,1,1,1.0
2008-2,E01002048,Fly-tipping,1,1,1.0
2008-2,E01002059,Graffiti,1,1,1.0
2008-2,E01002063,Pavement /Footway Defects,1,1,1.0
2008-2,E01002065,Fly-tipping,1,1,1.0
2008-2,E01002065,Highway Condition,1,1,1.0
2008-2,E01002097,Other,1,1,1.0
2008-2,E01002113,Potholes,1,1,1.0
2008-2,E01002165,Dog Fouling,1,1,1.0
2008-2,E01002264,Potholes,1,1,1.0
2008-2,E01002431,Abandoned Vehicles,1,1,1.0
2008-2,E01002470,Traffic Lights,1,1,1.0
2008-2,E01002478,Pavement /Footway Defects,1,1,1.0
2008-2,E01002574,Street Lights,1,1,1.0
2008-2,E01002611,Fly-tipping,1,1,1.0
2008-2,E01002611,Highway Condition,1,1,1.0
2008-2,E01002611,Other,1,1,1.0
2008-2,E01002613,Graffiti,2,1,2.0
2008-2,E01002634,Highway Condition,1,1,1.0
2008-2,E01002634,Street Signs,1,1,1.0
2008-2,E01002635,Parking,1,1,1.0
2008-2,E01002647,Street Lights,1,1,1.0
2008-2,E01002648,Street Lights,1,1,1.0
2008-2,E01002657,Pavement /Footway Defects,1,1,1.0
2008-2,E01002698,Potholes,1,1,1.0
2008-2,E01002704,Graffiti,6,1,6.0
2008-2,E01002707,Highway Condition,1,1,1.0
2008-2,E01002709,Fly-tipping,1,1,1.0
2008-2,E01002711,Rubbish,1,1,1.0
2008-2,E01002719,Potholes,1,1,1.0
2008-2,E01002723,Other,1,1,1.0
2008-2,E01002724,Rubbish,1,1,1.0
2008-2,E01002726,Potholes,1,1,1.0
2008-2,E01002729,Highway Condition,1,1,1.0
2008-2,E01002738,Street Name Plates,1,1,1.0
2008-2,E01002748,Potholes,1,1,1.0
2008-2,E01002754,Street Cleaning,1,1,1.0
2008-2,E01002764,Highway Condition,1,1,1.0
2008-2,E01002786,Rubbish,1,1,1.0
2008-2,E01002787,Potholes,1,1,1.0
2008-2,E01002791,Highway Condition,1,1,1.0
2008-2,E01002795,Potholes,1,1,1.0
2008-2,E01002851,Street Name Plates,1,1,1.0
2008-2,E01002875,Fly-tipping,1,1,1.0
2008-2,E01002924,Other,1,1,1.0
2008-2,E01002984,Parking,1,1,1.0
2008-2,E01003024,Pavement /Footway Defects,1,1,1.0
2008-2,E01003037,Other,1,1,1.0
2008-2,E01003037,Rubbish,1,1,1.0
2008-2,E01003039,Highway Condition,1,1,1.0
2008-2,E01003044,Highway Condition,1,1,1.0
2008-2,E01003047,Pavement /Footway Defects,1,1,1.0
2008-2,E01003068,Pavement /Footway Defects,1,1,1.0
2008-2,E01003070,Potholes,1,1,1.0
2008-2,E01003072,Highway Condition,1,1,1.0
2008-2,E01003084,Dog Fouling,1,1,1.0
2008-2,E01003100,Potholes,1,1,1.0
2008-2,E01003106,Graffiti,1,1,1.0
2008-2,E01003120,Potholes,1,1,1.0
2008-2,E01003165,Other,1,1,1.0
2008-2,E01003166,Other,1,1,1.0
2008-2,E01003181,Fly-tipping,2,1,2.0
2008-2,E01003183,Potholes,1,1,1.0
2008-2,E01003185,Dog Fouling,1,1,1.0
2008-2,E01003185,Fly-tipping,2,1,2.0
2008-2,E01003188,Abandoned Vehicles,1,1,1.0
2008-2,E01003211,Fly-tipping,1,1,1.0
2008-2,E01003212,Fly-tipping,1,1,1.0
2008-2,E01003226,Fly-tipping,1,1,1.0
2008-2,E01003229,Other,1,1,1.0
2008-2,E01003243,Pavement /Footway Defects,1,1,1.0
2008-2,E01003253,Potholes,1,1,1.0
2008-2,E01003261,Dog Fouling,1,1,1.0
2008-2,E01003270,Abandoned Vehicles,1,1,1.0
2008-2,E01003283,Parking,1,1,1.0
2008-2,E01003313,Fly-tipping,1,1,1.0
2008-2,E01003401,Potholes,1,1,1.0
2008-2,E01003411,Highway Condition,1,1,1.0
2008-2,E01003423,Fly-tipping,1,1,1.0
2008-2,E01003522,Dog Fouling,1,1,1.0
2008-2,E01003626,Street Cleaning,1,1,1.0
2008-2,E01003690,Highway Condition,1,1,1.0
2008-2,E01003690,Other,1,1,1.0
2008-2,E01003690,Pavement /Footway Defects,1,1,1.0
2008-2,E01003748,Abandoned Vehicles,1,1,1.0
2008-2,E01003786,Fly-tipping,2,1,2.0
2008-2,E01003786,Highway Condition,1,1,1.0
2008-2,E01003786,Other,2,1,2.0
2008-2,E01003786,Pavement /Footway Defects,1,1,1.0
2008-2,E01003796,Graffiti,1,1,1.0
2008-2,E01003805,Potholes,1,1,1.0
2008-2,E01003844,Pavement /Footway Defects,1,1,1.0
2008-2,E01003889,Potholes,1,1,1.0
2008-2,E01003905,Highway Condition,1,1,1.0
2008-2,E01003909,Highway Condition,1,1,1.0
2008-2,E01003927,Pavement /Footway Defects,1,1,1.0
2008-2,E01003939,Other,1,1,1.0
2008-2,E01003976,Street Name Plates,1,1,1.0
2008-2,E01003978,Other,1,1,1.0
2008-2,E01003979,Parking,1,1,1.0
2008-2,E01004033,Highway Condition,1,1,1.0
2008-2,E01004033,Street Lights,1,1,1.0
2008-2,E01004065,Abandoned Vehicles,1,1,1.0
2008-2,E01004103,Abandoned Vehicles,1,1,1.0
2008-2,E01004141,Dog Fouling,1,1,1.0
2008-2,E01004182,Pavement /Footway Defects,1,1,1.0
2008-2,E01004231,Other,1,1,1.0
2008-2,E01004246,Other,1,1,1.0
2008-2,E01004269,Graffiti,1,1,1.0
2008-2,E01004270,Dog Fouling,1,1,1.0
2008-2,E01004270,Other,1,1,1.0
2008-2,E01004270,Pavement /Footway Defects,1,1,1.0
2008-2,E01004306,Fly-tipping,1,1,1.0
2008-2,E01004306,Potholes,1,1,1.0
2008-2,E01004308,Fallen/Dangerous Trees,1,1,1.0
2008-2,E01004311,Pavement /Footway Defects,1,1,1.0
2008-2,E01004314,Rubbish,1,1,1.0
2008-2,E01004350,Other,1,1,1.0
2008-2,E01004351,Highway Condition,1,1,1.0
2008-2,E01004353,Abandoned Vehicles,1,1,1.0
2008-2,E01004362,Fly-tipping,2,1,2.0
2008-2,E01004380,Dog Fouling,1,1,1.0
2008-2,E01004396,Parking,1,1,1.0
2008-2,E01004406,Fly-tipping,1,1,1.0
2008-2,E01004406,Rubbish,1,1,1.0
2008-2,E01004409,Open Spaces/Parks,1,1,1.0
2008-2,E01004497,Fly-tipping,1,1,1.0
2008-2,E01004497,Graffiti,1,1,1.0
2008-2,E01004499,Rubbish,1,1,1.0
2008-2,E01004500,Other,1,1,1.0
2008-2,E01004511,Fly-tipping,1,1,1.0
2008-2,E01004540,Fly-tipping,2,1,2.0
2008-2,E01004540,Pavement /Footway Defects,2,1,2.0
2008-2,E01004540,Potholes,1,1,1.0
2008-2,E01004540,Traffic Lights,1,1,1.0
2008-2,E01004562,Street Name Plates,1,1,1.0
2008-2,E01004565,Other,1,1,1.0
2008-2,E01004565,Rubbish,1,1,1.0
2008-2,E01004565,Street Cleaning,1,1,1.0
2008-2,E01004567,Potholes,1,1,1.0
2008-2,E01004573,Other,1,1,1.0
2008-2,E01004583,Potholes,1,1,1.0
2008-2,E01004608,Other,1,1,1.0
2008-2,E01004681,Highway Condition,1,1,1.0
2008-2,E01004733,Highway Condition,2,1,2.0
2008-2,E01004735,Potholes,1,1,1.0
2008-2,E01004735,Rubbish,1,1,1.0
2008-2,E01004736,Highway Condition,1,1,1.0
2008-2,E01004745,Highway Condition,1,1,1.0
2008-2,E01004763,Street Signs,1,1,1.0
2008-2,E01004766,Rubbish,1,1,1.0
2008-2,E01004767,Fly-tipping,1,1,1.0
2008-2,E01004819,Potholes,1,1,1.0
2008-2,E01004863,Other,1,1,1.0
2008-2,E01004864,Abandoned Vehicles,1,1,1.0
2008-2,E01004917,Rubbish,1,1,1.0
2008-2,E01004937,Highway Condition,1,1,1.0
2008-2,E01004939,Dog Fouling,1,1,1.0
2008-2,E01004950,Potholes,1,1,1.0
2008-2,E01005015,Potholes,1,1,1.0
2008-2,E01005017,Potholes,1,1,1.0
2008-2,E01005027,Pavement /Footway Defects,1,1,1.0
2008-2,E01005062,Other,1,1,1.0
2008-2,E01005199,Rubbish,1,1,1.0
2008-2,E01005256,Highway Condition,1,1,1.0
2008-2,E01005260,Highway Condition,1,1,1.0
2008-2,E01005266,Street Cleaning,1,1,1.0
2008-2,E01005286,Fly-tipping,2,1,2.0
2008-2,E01005309,Potholes,1,1,1.0
2008-2,E01005316,Street Cleaning,1,1,1.0
2008-2,E01005341,Dog Fouling,1,1,1.0
2008-2,E01005369,Fly-tipping,1,1,1.0
2008-2,E01005370,Potholes,1,1,1.0
2008-2,E01005382,Graffiti,1,1,1.0
2008-2,E01005382,Other,1,1,1.0
2008-2,E01005394,Potholes,1,1,1.0
2008-2,E01005493,Potholes,1,1,1.0
2008-2,E01005540,Street Lights,1,1,1.0
2008-2,E01005541,Rubbish,1,1,1.0
2008-2,E01005572,Street Lights,1,1,1.0
2008-2,E01005573,Street Lights,1,1,1.0
2008-2,E01005595,Abandoned Vehicles,1,1,1.0
2008-2,E01005613,Highway Condition,1,1,1.0
2008-2,E01005650,Abandoned Vehicles,1,1,1.0
2008-2,E01005661,Abandoned Vehicles,1,1,1.0
2008-2,E01005674,Potholes,1,1,1.0
2008-2,E01005749,Abandoned Vehicles,1,1,1.0
2008-2,E01005758,Dog Fouling,1,1,1.0
2008-2,E01005758,Street Name Plates,1,1,1.0
2008-2,E01005797,Abandoned Vehicles,1,1,1.0
2008-2,E01005805,Other,1,1,1.0
2008-2,E01005841,Street Lights,1,1,1.0
2008-2,E01005867,Street Lights,1,1,1.0
2008-2,E01005879,Other,1,1,1.0
2008-2,E01005930,Potholes,1,1,1.0
2008-2,E01005931,Highway Condition,1,1,1.0
2008-2,E01005982,Rubbish,1,1,1.0
2008-2,E01006031,Dog Fouling,1,1,1.0
2008-2,E01006053,Fly-tipping,1,1,1.0
2008-2,E01006100,Street Lights,1,1,1.0
2008-2,E01006139,Street Lights,1,1,1.0
2008-2,E01006176,Street Cleaning,1,1,1.0
2008-2,E01006186,Highway Condition,1,1,1.0
2008-2,E01006199,Fly-tipping,1,1,1.0
2008-2,E01006277,Fly-tipping,1,1,1.0
2008-2,E01006280,Highway Condition,1,1,1.0
2008-2,E01006280,Parking,1,1,1.0
2008-2,E01006280,Street Lights,1,1,1.0
2008-2,E01006371,Dog Fouling,1,1,1.0
2008-2,E01006446,Potholes,1,1,1.0
2008-2,E01006455,Parking,1,1,1.0
2008-2,E01006510,Dog Fouling,1,1,1.0
2008-2,E01006521,Potholes,1,1,1.0
2008-2,E01006593,Graffiti,1,1,1.0
2008-2,E01006663,Street Lights,1,1,1.0
2008-2,E01006726,Fly-tipping,1,1,1.0
2008-2,E01006755,Open Spaces/Parks,1,1,1.0
2008-2,E01006755,Rubbish,1,1,1.0
2008-2,E01006755,Street Cleaning,2,1,2.0
2008-2,E01006755,Street Lights,1,1,1.0
2008-2,E01006927,Rubbish,1,1,1.0
2008-2,E01006927,Street Lights,1,1,1.0
2008-2,E01006928,Potholes,1,1,1.0
2008-2,E01007001,Abandoned Vehicles,1,1,1.0
2008-2,E01007025,Street Cleaning,1,1,1.0
2008-2,E01007129,Potholes,1,1,1.0
2008-2,E01007353,Street Cleaning,1,1,1.0
2008-2,E01007366,Other,1,1,1.0
2008-2,E01007368,Street Cleaning,1,1,1.0
2008-2,E01007369,Fly-tipping,1,1,1.0
2008-2,E01007387,Pavement /Footway Defects,1,1,1.0
2008-2,E01007389,Rubbish,1,1,1.0
2008-2,E01007403,Highway Condition,1,1,1.0
2008-2,E01007417,Street Cleaning,1,1,1.0
2008-2,E01007423,Dog Fouling,1,1,1.0
2008-2,E01007438,Rubbish,1,1,1.0
2008-2,E01007449,Pavement /Footway Defects,2,2,1.0
2008-2,E01007465,Fly-tipping,1,1,1.0
2008-2,E01007465,Rubbish,1,1,1.0
2008-2,E01007466,Other,1,1,1.0
2008-2,E01007494,Open Spaces/Parks,1,1,1.0
2008-2,E01007517,Other,1,1,1.0
2008-2,E01007521,Pavement /Footway Defects,1,1,1.0
2008-2,E01007543,Fly-tipping,1,1,1.0
2008-2,E01007544,Pavement /Footway Defects,1,1,1.0
2008-2,E01007579,Fly-tipping,1,1,1.0
2008-2,E01007587,Other,1,1,1.0
2008-2,E01007587,Rubbish,1,1,1.0
2008-2,E01007618,Fly-tipping,1,1,1.0
2008-2,E01007627,Street Signs,2,1,2.0
2008-2,E01007659,Dog Fouling,1,1,1.0
2008-2,E01007682,Pavement /Footway Defects,1,1,1.0
2008-2,E01007692,Street Lights,3,1,3.0
2008-2,E01007696,Fly-tipping,1,1,1.0
2008-2,E01007706,Dog Fouling,1,1,1.0
2008-2,E01007706,Open Spaces/Parks,1,1,1.0
2008-2,E01007716,Potholes,1,1,1.0
2008-2,E01007716,Rubbish,1,1,1.0
2008-2,E01007718,Dog Fouling,1,1,1.0
2008-2,E01007742,Highway Condition,1,1,1.0
2008-2,E01007744,Street Lights,2,1,2.0
2008-2,E01007747,Street Lights,1,1,1.0
2008-2,E01007769,Other,1,1,1.0
2008-2,E01007769,Rubbish,1,1,1.0
2008-2,E01007780,Street Cleaning,1,1,1.0
2008-2,E01007780,Street Lights,1,1,1.0
2008-2,E01007784,Highway Condition,1,1,1.0
2008-2,E01007787,Pavement /Footway Defects,1,1,1.0
2008-2,E01007788,Dog Fouling,1,1,1.0
2008-2,E01007790,Dog Fouling,1,1,1.0
2008-2,E01007791,Street Lights,1,1,1.0
2008-2,E01007800,Graffiti,1,1,1.0
2008-2,E01007800,Open Spaces/Parks,1,1,1.0
2008-2,E01007800,Potholes,1,1,1.0
2008-2,E01007816,Other,2,2,1.0
2008-2,E01007819,Street Signs,3,1,3.0
2008-2,E01007820,Street Cleaning,1,1,1.0
2008-2,E01007820,Street Lights,2,1,2.0
2008-2,E01007821,Street Signs,1,1,1.0
2008-2,E01007822,Graffiti,2,1,2.0
2008-2,E01007822,Rubbish,1,1,1.0
2008-2,E01007822,Street Signs,2,1,2.0
2008-2,E01007838,Fly-tipping,3,1,3.0
2008-2,E01007838,Graffiti,1,1,1.0
2008-2,E01007838,Potholes,1,1,1.0
2008-2,E01007838,Rubbish,2,1,2.0
2008-2,E01007851,Fly-tipping,2,1,2.0
2008-2,E01007904,Graffiti,1,1,1.0
2008-2,E01007904,Other,1,1,1.0
2008-2,E01007909,Fallen/Dangerous Trees,1,1,1.0
2008-2,E01007909,Other,1,1,1.0
2008-2,E01007910,Graffiti,1,1,1.0
2008-2,E01007910,Other,2,1,2.0
2008-2,E01007912,Fallen/Dangerous Trees,1,1,1.0
2008-2,E01007915,Street Lights,1,1,1.0
2008-2,E01007951,Street Lights,1,1,1.0
2008-2,E01007962,Parking,1,1,1.0
2008-2,E01007967,Street Cleaning,1,1,1.0
2008-2,E01007970,Street Lights,1,1,1.0
2008-2,E01007972,Parking,1,1,1.0
2008-2,E01007972,Potholes,3,1,3.0
2008-2,E01007988,Street Lights,1,1,1.0
2008-2,E01007991,Highway Condition,1,1,1.0
2008-2,E01007994,Highway Condition,1,1,1.0
2008-2,E01008000,Open Spaces/Parks,1,1,1.0
2008-2,E01008004,Open Spaces/Parks,1,1,1.0
2008-2,E01008004,Parking,1,1,1.0
2008-2,E01008004,Pavement /Footway Defects,1,1,1.0
2008-2,E01008008,Graffiti,1,1,1.0
2008-2,E01008021,Street Signs,1,1,1.0
2008-2,E01008042,Potholes,1,1,1.0
2008-2,E01008083,Street Lights,1,1,1.0
2008-2,E01008086,Street Cleaning,1,1,1.0
2008-2,E01008086,Street Lights,1,1,1.0
2008-2,E01008090,Graffiti,1,1,1.0
2008-2,E01008090,Highway Condition,1,1,1.0
2008-2,E01008096,Graffiti,1,1,1.0
2008-2,E01008115,Highway Condition,1,1,1.0
2008-2,E01008133,Street Lights,1,1,1.0
2008-2,E01008138,Graffiti,1,1,1.0
2008-2,E01008140,Street Lights,1,1,1.0
2008-2,E01008141,Fly-tipping,1,1,1.0
2008-2,E01008153,Street Lights,1,1,1.0
2008-2,E01008155,Parking,1,1,1.0
2008-2,E01008320,Parking,1,1,1.0
2008-2,E01008358,Other,1,1,1.0
2008-2,E01008448,Dog Fouling,1,1,1.0
2008-2,E01008452,Highway Condition,1,1,1.0
2008-2,E01008465,Graffiti,1,1,1.0
2008-2,E01008482,Dog Fouling,1,1,1.0
2008-2,E01008501,Street Lights,1,1,1.0
2008-2,E01008662,Pavement /Footway Defects,1,1,1.0
2008-2,E01008744,Street Lights,1,1,1.0
2008-2,E01008795,Dog Fouling,1,1,1.0
2008-2,E01008843,Dog Fouling,1,1,1.0
2008-2,E01008849,Bus Stops Damage,1,1,1.0
2008-2,E01008850,Fly-tipping,1,1,1.0
2008-2,E01008877,Potholes,1,1,1.0
2008-2,E01008952,Abandoned Vehicles,1,1,1.0
2008-2,E01008982,Graffiti,3,1,3.0
2008-2,E01008984,Other,3,1,3.0
2008-2,E01008984,Parking,3,1,3.0
2008-2,E01009032,Street Cleaning,1,1,1.0
2008-2,E01009048,Potholes,1,1,1.0
2008-2,E01009189,Rubbish,1,1,1.0
2008-2,E01009198,Rubbish,1,1,1.0
2008-2,E01009441,Graffiti,1,1,1.0
2008-2,E01009450,Pavement /Footway Defects,1,1,1.0
2008-2,E01009450,Street Signs,1,1,1.0
2008-2,E01009526,Potholes,1,1,1.0
2008-2,E01009541,Highway Condition,1,1,1.0
2008-2,E01009558,Other,1,1,1.0
2008-2,E01009641,Potholes,1,1,1.0
2008-2,E01009671,Traffic Lights,1,1,1.0
2008-2,E01009676,Parking,1,1,1.0
2008-2,E01009878,Highway Condition,3,2,1.5
2008-2,E01009948,Fly-tipping,1,1,1.0
2008-2,E01009951,Fly-tipping,2,1,2.0
2008-2,E01009951,Street Cleaning,1,1,1.0
2008-2,E01009964,Street Cleaning,1,1,1.0
2008-2,E01009973,Fly-tipping,1,1,1.0
2008-2,E01010107,Fly-tipping,1,1,1.0
2008-2,E01010242,Dog Fouling,1,1,1.0
2008-2,E01010335,Traffic Lights,1,1,1.0
2008-2,E01010337,Potholes,1,1,1.0
2008-2,E01010338,Potholes,1,1,1.0
2008-2,E01010371,Other,1,1,1.0
2008-2,E01010545,Other,1,1,1.0
2008-2,E01010580,Parking,1,1,1.0
2008-2,E01010710,Dog Fouling,1,1,1.0
2008-2,E01010901,Street Lights,1,1,1.0
2008-2,E01010907,Parking,1,1,1.0
2008-2,E01010939,Parking,1,1,1.0
2008-2,E01010957,Street Lights,1,1,1.0
2008-2,E01010979,Street Lights,1,1,1.0
2008-2,E01011046,Highway Condition,1,1,1.0
2008-2,E01011093,Dog Fouling,1,1,1.0
2008-2,E01011169,Highway Condition,1,1,1.0
2008-2,E01011174,Potholes,1,1,1.0
2008-2,E01011237,Abandoned Vehicles,1,1,1.0
2008-2,E01011247,Other,1,1,1.0
2008-2,E01011284,Pavement /Footway Defects,1,1,1.0
2008-2,E01011296,Highway Condition,1,1,1.0
2008-2,E01011307,Dog Fouling,1,1,1.0
2008-2,E01011319,Dog Fouling,1,1,1.0
2008-2,E01011569,Highway Condition,1,1,1.0
2008-2,E01011574,Street Name Plates,1,1,1.0
2008-2,E01011671,Potholes,1,1,1.0
2008-2,E01011693,Highway Condition,1,1,1.0
2008-2,E01011715,Highway Condition,1,1,1.0
2008-2,E01011719,Potholes,1,1,1.0
2008-2,E01011988,Dog Fouling,1,1,1.0
2008-2,E01011991,Graffiti,1,1,1.0
2008-2,E01011991,Street Lights,1,1,1.0
2008-2,E01011993,Other,1,1,1.0
2008-2,E01012013,Other,1,1,1.0
2008-2,E01012068,Fly-tipping,1,1,1.0
2008-2,E01012068,Pavement /Footway Defects,1,1,1.0
2008-2,E01012094,Fly-tipping,1,1,1.0
2008-2,E01012109,Fly-tipping,1,1,1.0
2008-2,E01012161,Bus Stops Damage,1,1,1.0
2008-2,E01012180,Other,1,1,1.0
2008-2,E01012415,Potholes,1,1,1.0
2008-2,E01012518,Potholes,1,1,1.0
2008-2,E01012518,Street Lights,1,1,1.0
2008-2,E01012561,Potholes,1,1,1.0
2008-2,E01012603,Dog Fouling,1,1,1.0
2008-2,E01012635,Abandoned Vehicles,1,1,1.0
2008-2,E01012695,Potholes,1,1,1.0
2008-2,E01012759,Dog Fouling,1,1,1.0
2008-2,E01012922,Potholes,1,1,1.0
2008-2,E01012982,Potholes,1,1,1.0
2008-2,E01012990,Potholes,1,1,1.0
2008-2,E01013006,Dog Fouling,1,1,1.0
2008-2,E01013017,Potholes,1,1,1.0
2008-2,E01013121,Rubbish,1,1,1.0
2008-2,E01013190,Dog Fouling,1,1,1.0
2008-2,E01013450,Highway Condition,1,1,1.0
2008-2,E01013455,Potholes,1,1,1.0
2008-2,E01013497,Parking,1,1,1.0
2008-2,E01013545,Pavement /Footway Defects,1,1,1.0
2008-2,E01013646,Other,2,1,2.0
2008-2,E01013730,Pavement /Footway Defects,1,1,1.0
2008-2,E01013810,Dog Fouling,1,1,1.0
2008-2,E01013810,Other,1,1,1.0
2008-2,E01013815,Other,1,1,1.0
2008-2,E01013816,Other,1,1,1.0
2008-2,E01013868,Fly-tipping,1,1,1.0
2008-2,E01013930,Graffiti,2,1,2.0
2008-2,E01013931,Pavement /Footway Defects,1,1,1.0
2008-2,E01013931,Street Lights,1,1,1.0
2008-2,E01014009,Street Cleaning,1,1,1.0
2008-2,E01014045,Rubbish,1,1,1.0
2008-2,E01014122,Pavement /Footway Defects,1,1,1.0
2008-2,E01014147,Dog Fouling,1,1,1.0
2008-2,E01014152,Dog Fouling,1,1,1.0
2008-2,E01014162,Potholes,1,1,1.0
2008-2,E01014183,Pavement /Footway Defects,1,1,1.0
2008-2,E01014236,Pavement /Footway Defects,1,1,1.0
2008-2,E01014323,Street Lights,1,1,1.0
2008-2,E01014345,Parking,1,1,1.0
2008-2,E01014394,Traffic Lights,1,1,1.0
2008-2,E01014483,Abandoned Vehicles,1,1,1.0
2008-2,E01014530,Open Spaces/Parks,1,1,1.0
2008-2,E01014540,Potholes,1,1,1.0
2008-2,E01014603,Rubbish,1,1,1.0
2008-2,E01014651,Highway Condition,1,1,1.0
2008-2,E01014653,Rubbish,1,1,1.0
2008-2,E01014732,Fly-tipping,1,1,1.0
2008-2,E01014736,Fly-tipping,1,1,1.0
2008-2,E01014736,Other,1,1,1.0
2008-2,E01014738,Parking,1,1,1.0
2008-2,E01014805,Highway Condition,1,1,1.0
2008-2,E01014827,Potholes,1,1,1.0
2008-2,E01014828,Street Signs,1,1,1.0
2008-2,E01014841,Dog Fouling,1,1,1.0
2008-2,E01014915,Abandoned Vehicles,1,1,1.0
2008-2,E01014942,Abandoned Vehicles,1,1,1.0
2008-2,E01014953,Street Signs,1,1,1.0
2008-2,E01015000,Fly-tipping,1,1,1.0
2008-2,E01015051,Abandoned Vehicles,1,1,1.0
2008-2,E01015082,Abandoned Vehicles,1,1,1.0
2008-2,E01015174,Potholes,1,1,1.0
2008-2,E01015222,Dog Fouling,1,1,1.0
2008-2,E01015246,Parking,1,1,1.0
2008-2,E01015302,Other,1,1,1.0
2008-2,E01015324,Highway Condition,1,1,1.0
2008-2,E01015408,Pavement /Footway Defects,1,1,1.0
2008-2,E01015479,Street Cleaning,1,1,1.0
2008-2,E01015491,Highway Condition,1,1,1.0
2008-2,E01015562,Open Spaces/Parks,1,1,1.0
2008-2,E01015575,Abandoned Vehicles,1,1,1.0
2008-2,E01015578,Highway Condition,1,1,1.0
2008-2,E01015578,Potholes,1,1,1.0
2008-2,E01015612,Rubbish,1,1,1.0
2008-2,E01015627,Street Lights,1,1,1.0
2008-2,E01015794,Fly-tipping,1,1,1.0
2008-2,E01015796,Open Spaces/Parks,1,1,1.0
2008-2,E01015844,Other,1,1,1.0
2008-2,E01015877,Other,1,1,1.0
2008-2,E01016078,Abandoned Vehicles,1,1,1.0
2008-2,E01016184,Pavement /Footway Defects,1,1,1.0
2008-2,E01016205,Other,1,1,1.0
2008-2,E01016205,Street Lights,1,1,1.0
2008-2,E01016263,Pavement /Footway Defects,1,1,1.0
2008-2,E01016264,Potholes,2,1,2.0
2008-2,E01016306,Rubbish,1,1,1.0
2008-2,E01016317,Fly-tipping,1,1,1.0
2008-2,E01016353,Street Lights,1,1,1.0
2008-2,E01016360,Traffic Lights,1,1,1.0
2008-2,E01016418,Street Lights,1,1,1.0
2008-2,E01016427,Street Lights,1,1,1.0
2008-2,E01016474,Other,1,1,1.0
2008-2,E01016508,Dog Fouling,1,1,1.0
2008-2,E01016508,Fly-tipping,1,1,1.0
2008-2,E01016508,Other,1,1,1.0
2008-2,E01016536,Other,1,1,1.0
2008-2,E01016544,Pavement /Footway Defects,1,1,1.0
2008-2,E01016571,Highway Condition,1,1,1.0
2008-2,E01016613,Fly-tipping,1,1,1.0
2008-2,E01016619,Graffiti,1,1,1.0
2008-2,E01016619,Potholes,1,1,1.0
2008-2,E01016645,Pavement /Footway Defects,1,1,1.0
2008-2,E01016718,Fly-tipping,1,1,1.0
2008-2,E01016725,Abandoned Vehicles,1,1,1.0
2008-2,E01016727,Pavement /Footway Defects,1,1,1.0
2008-2,E01016729,Other,1,1,1.0
2008-2,E01016729,Rubbish,1,1,1.0
2008-2,E01016729,Street Lights,1,1,1.0
2008-2,E01016781,Fly-tipping,1,1,1.0
2008-2,E01016795,Dog Fouling,1,1,1.0
2008-2,E01016795,Other,1,1,1.0
2008-2,E01016795,Potholes,1,1,1.0
2008-2,E01016799,Street Lights,1,1,1.0
2008-2,E01016800,Street Lights,1,1,1.0
2008-2,E01016812,Potholes,1,1,1.0
2008-2,E01016831,Street Lights,1,1,1.0
2008-2,E01016835,Rubbish,1,1,1.0
2008-2,E01016843,Rubbish,1,1,1.0
2008-2,E01016850,Other,1,1,1.0
2008-2,E01016850,Street Lights,1,1,1.0
2008-2,E01016854,Recycling,1,1,1.0
2008-2,E01016901,Abandoned Vehicles,1,1,1.0
2008-2,E01016901,Street Lights,1,1,1.0
2008-2,E01016927,Street Cleaning,1,1,1.0
2008-2,E01016952,Street Lights,1,1,1.0
2008-2,E01016953,Other,1,1,1.0
2008-2,E01016954,Recycling,1,1,1.0
2008-2,E01016964,Street Lights,1,1,1.0
2008-2,E01016988,Graffiti,1,1,1.0
2008-2,E01016993,Abandoned Vehicles,1,1,1.0
2008-2,E01017276,Street Cleaning,1,1,1.0
2008-2,E01017365,Abandoned Vehicles,1,1,1.0
2008-2,E01017415,Street Signs,1,1,1.0
2008-2,E01017455,Abandoned Vehicles,1,1,1.0
2008-2,E01017464,Potholes,1,1,1.0
2008-2,E01017502,Fly-tipping,1,1,1.0
2008-2,E01017520,Abandoned Vehicles,1,1,1.0
2008-2,E01017567,Highway Condition,1,1,1.0
2008-2,E01017567,Street Cleaning,1,1,1.0
2008-2,E01017567,Street Name Plates,1,1,1.0
2008-2,E01017569,,1,1,1.0
2008-2,E01017569,Dog Fouling,1,1,1.0
2008-2,E01017569,Graffiti,1,1,1.0
2008-2,E01017670,Other,1,1,1.0
2008-2,E01017671,Street Cleaning,1,1,1.0
2008-2,E01017687,Fly-tipping,1,1,1.0
2008-2,E01017687,Street Lights,1,1,1.0
2008-2,E01017698,Street Lights,1,1,1.0
2008-2,E01017718,Pavement /Footway Defects,1,1,1.0
2008-2,E01017769,Potholes,1,1,1.0
2008-2,E01017771,Highway Condition,1,1,1.0
2008-2,E01017781,Potholes,1,1,1.0
2008-2,E01017783,Highway Condition,1,1,1.0
2008-2,E01017792,Potholes,2,1,2.0
2008-2,E01017830,Potholes,2,1,2.0
2008-2,E01017869,Rubbish,1,1,1.0
2008-2,E01017871,Other,1,1,1.0
2008-2,E01017896,Other,1,1,1.0
2008-2,E01017897,Pavement /Footway Defects,1,1,1.0
2008-2,E01017919,Other,1,1,1.0
2008-2,E01017945,Street Signs,1,1,1.0
2008-2,E01017946,Parking,1,1,1.0
2008-2,E01017956,Potholes,1,1,1.0
2008-2,E01017958,Potholes,1,1,1.0
2008-2,E01017959,Pavement /Footway Defects,1,1,1.0
2008-2,E01018009,Highway Condition,1,1,1.0
2008-2,E01018084,Other,1,1,1.0
2008-2,E01018129,Other,1,1,1.0
2008-2,E01018223,Potholes,1,1,1.0
2008-2,E01018266,Parking,1,1,1.0
2008-2,E01018272,Other,1,1,1.0
2008-2,E01018272,Street Lights,1,1,1.0
2008-2,E01018272,Street Signs,3,1,3.0
2008-2,E01018273,Potholes,1,1,1.0
2008-2,E01018273,Street Signs,2,1,2.0
2008-2,E01018274,Other,1,1,1.0
2008-2,E01018274,Pavement /Footway Defects,1,1,1.0
2008-2,E01018274,Street Lights,1,1,1.0
2008-2,E01018274,Street Name Plates,1,1,1.0
2008-2,E01018274,Street Signs,1,1,1.0
2008-2,E01018278,Street Lights,1,1,1.0
2008-2,E01018279,Rubbish,1,1,1.0
2008-2,E01018280,Pavement /Footway Defects,1,1,1.0
2008-2,E01018283,Street Lights,2,1,2.0
2008-2,E01018283,Street Name Plates,2,1,2.0
2008-2,E01018284,Potholes,1,1,1.0
2008-2,E01018298,Highway Condition,1,1,1.0
2008-2,E01018300,Pavement /Footway Defects,2,1,2.0
2008-2,E01018337,Pavement /Footway Defects,1,1,1.0
2008-2,E01018337,Potholes,1,1,1.0
2008-2,E01018338,Fallen/Dangerous Trees,1,1,1.0
2008-2,E01018338,Rubbish,1,1,1.0
2008-2,E01018342,Street Lights,1,1,1.0
2008-2,E01018418,Traffic Lights,1,1,1.0
2008-2,E01018432,Dog Fouling,2,1,2.0
2008-2,E01018432,Fallen/Dangerous Trees,1,1,1.0
2008-2,E01018432,Street Cleaning,1,1,1.0
2008-2,E01018432,Street Name Plates,1,1,1.0
2008-2,E01018433,Fly-tipping,1,1,1.0
2008-2,E01018435,Pavement /Footway Defects,1,1,1.0
2008-2,E01018435,Potholes,1,1,1.0
2008-2,E01018435,Street Cleaning,1,1,1.0
2008-2,E01018437,Pavement /Footway Defects,1,1,1.0
2008-2,E01018478,Parking,1,1,1.0
2008-2,E01018484,Abandoned Vehicles,1,1,1.0
2008-2,E01018484,Street Lights,1,1,1.0
2008-2,E01018526,Potholes,1,1,1.0
2008-2,E01018577,Street Lights,1,1,1.0
2008-2,E01018580,Potholes,1,1,1.0
2008-2,E01018620,Rubbish,1,1,1.0
2008-2,E01018633,Street Lights,1,1,1.0
2008-2,E01018647,Street Cleaning,1,1,1.0
2008-2,E01018651,Rubbish,2,1,2.0
2008-2,E01018664,Pavement /Footway Defects,1,1,1.0
2008-2,E01018680,Street Name Plates,1,1,1.0
2008-2,E01018696,Street Cleaning,1,1,1.0
2008-2,E01018772,Street Lights,1,1,1.0
2008-2,E01018824,Dog Fouling,2,1,2.0
2008-2,E01018852,Potholes,1,1,1.0
2008-2,E01019100,Graffiti,1,1,1.0
2008-2,E01019108,Street Lights,1,1,1.0
2008-2,E01019109,Rubbish,2,1,2.0
2008-2,E01019190,Abandoned Vehicles,1,1,1.0
2008-2,E01019290,Rubbish,1,1,1.0
2008-2,E01019291,Potholes,1,1,1.0
2008-2,E01019315,Other,1,1,1.0
2008-2,E01019394,Highway Condition,1,1,1.0
2008-2,E01019425,Potholes,1,1,1.0
2008-2,E01019656,Highway Condition,1,1,1.0
2008-2,E01019656,Other,2,1,2.0
2008-2,E01019685,Rubbish,1,1,1.0
2008-2,E01019702,Highway Condition,1,1,1.0
2008-2,E01019702,Pavement /Footway Defects,1,1,1.0
2008-2,E01019757,Dog Fouling,1,1,1.0
2008-2,E01019769,Rubbish,1,1,1.0
2008-2,E01019805,Dog Fouling,1,1,1.0
2008-2,E01019882,Fly-tipping,1,1,1.0
2008-2,E01019886,Potholes,1,1,1.0
2008-2,E01019894,Dog Fouling,2,1,2.0
2008-2,E01019896,Dog Fouling,1,1,1.0
2008-2,E01019897,Dog Fouling,3,1,3.0
2008-2,E01019897,Street Cleaning,1,1,1.0
2008-2,E01019906,Pavement /Footway Defects,1,1,1.0
2008-2,E01019908,Other,1,1,1.0
2008-2,E01019913,Dog Fouling,1,1,1.0
2008-2,E01019913,Graffiti,1,1,1.0
2008-2,E01019916,Rubbish,1,1,1.0
2008-2,E01019917,Dog Fouling,1,1,1.0
2008-2,E01019918,Dog Fouling,2,2,1.0
2008-2,E01019918,Parking,1,1,1.0
2008-2,E01019944,Pavement /Footway Defects,1,1,1.0
2008-2,E01020019,Pavement /Footway Defects,2,1,2.0
2008-2,E01020138,Highway Condition,1,1,1.0
2008-2,E01020138,Other,1,1,1.0
2008-2,E01020175,Rubbish,1,1,1.0
2008-2,E01020199,Dog Fouling,1,1,1.0
2008-2,E01020229,Street Lights,2,1,2.0
2008-2,E01020273,Street Lights,1,1,1.0
2008-2,E01020274,Pavement /Footway Defects,1,1,1.0
2008-2,E01020274,Potholes,1,1,1.0
2008-2,E01020341,Highway Condition,1,1,1.0
2008-2,E01020345,Street Lights,1,1,1.0
2008-2,E01020394,Pavement /Footway Defects,1,1,1.0
2008-2,E01020398,Street Cleaning,1,1,1.0
2008-2,E01020438,Parking,1,1,1.0
2008-2,E01020444,Pavement /Footway Defects,1,1,1.0
2008-2,E01020528,Dog Fouling,1,1,1.0
2008-2,E01020539,Potholes,1,1,1.0
2008-2,E01020730,Dog Fouling,1,1,1.0
2008-2,E01020740,Street Lights,1,1,1.0
2008-2,E01020753,Other,1,1,1.0
2008-2,E01020826,Street Cleaning,1,1,1.0
2008-2,E01020900,Dog Fouling,1,1,1.0
2008-2,E01020985,Abandoned Vehicles,1,1,1.0
2008-2,E01021022,Abandoned Vehicles,2,1,2.0
2008-2,E01021258,Graffiti,1,1,1.0
2008-2,E01021352,Parking,1,1,1.0
2008-2,E01021377,Dog Fouling,1,1,1.0
2008-2,E01021391,Dog Fouling,1,1,1.0
2008-2,E01021503,Abandoned Vehicles,1,1,1.0
2008-2,E01021713,Potholes,1,1,1.0
2008-2,E01021761,Highway Condition,1,1,1.0
2008-2,E01021778,Potholes,1,1,1.0
2008-2,E01021796,Fly-tipping,1,1,1.0
2008-2,E01021796,Rubbish,1,1,1.0
2008-2,E01021862,Dog Fouling,1,1,1.0
2008-2,E01021943,Street Lights,1,1,1.0
2008-2,E01022051,Highway Condition,1,1,1.0
2008-2,E01022051,Street Signs,1,1,1.0
2008-2,E01022072,Potholes,2,1,2.0
2008-2,E01022102,Dog Fouling,1,1,1.0
2008-2,E01022102,Parking,1,1,1.0
2008-2,E01022104,Rubbish,1,1,1.0
2008-2,E01022105,Fly-tipping,1,1,1.0
2008-2,E01022105,Rubbish,1,1,1.0
2008-2,E01022108,Other,1,1,1.0
2008-2,E01022110,Potholes,1,1,1.0
2008-2,E01022117,Pavement /Footway Defects,1,1,1.0
2008-2,E01022121,Pavement /Footway Defects,1,1,1.0
2008-2,E01022132,Street Lights,1,1,1.0
2008-2,E01022135,Potholes,1,1,1.0
2008-2,E01022140,Parking,1,1,1.0
2008-2,E01022142,Rubbish,1,1,1.0
2008-2,E01022158,Highway Condition,1,1,1.0
2008-2,E01022169,Open Spaces/Parks,1,1,1.0
2008-2,E01022169,Street Cleaning,1,1,1.0
2008-2,E01022169,Street Lights,1,1,1.0
2008-2,E01022175,Street Cleaning,1,1,1.0
2008-2,E01022210,Abandoned Vehicles,1,1,1.0
2008-2,E01022221,Parking,1,1,1.0
2008-2,E01022313,Street Lights,1,1,1.0
2008-2,E01022365,Parking,1,1,1.0
2008-2,E01022394,Parking,1,1,1.0
2008-2,E01022422,Other,1,1,1.0
2008-2,E01022422,Traffic Lights,1,1,1.0
2008-2,E01022468,Fallen/Dangerous Trees,1,1,1.0
2008-2,E01022493,Fly-tipping,1,1,1.0
2008-2,E01022493,Highway Condition,1,1,1.0
2008-2,E01022493,Potholes,1,1,1.0
2008-2,E01022599,Other,1,1,1.0
2008-2,E01022663,Street Lights,1,1,1.0
2008-2,E01022867,Street Cleaning,1,1,1.0
2008-2,E01022950,Dog Fouling,1,1,1.0
2008-2,E01023023,Highway Condition,1,1,1.0
2008-2,E01023134,Abandoned Vehicles,1,1,1.0
2008-2,E01023173,Graffiti,1,1,1.0
2008-2,E01023224,Fly-tipping,2,1,2.0
2008-2,E01023224,Other,1,1,1.0
2008-2,E01023254,Pavement /Footway Defects,2,1,2.0
2008-2,E01023332,Traffic Lights,1,1,1.0
2008-2,E01023339,Fly-tipping,1,1,1.0
2008-2,E01023356,Highway Condition,1,1,1.0
2008-2,E01023357,Highway Condition,1,1,1.0
2008-2,E01023363,Potholes,1,1,1.0
2008-2,E01023434,Abandoned Vehicles,1,1,1.0
2008-2,E01023442,Highway Condition,1,1,1.0
2008-2,E01023445,Potholes,2,2,1.0
2008-2,E01023455,Other,1,1,1.0
2008-2,E01023455,Street Lights,1,1,1.0
2008-2,E01023529,Fly-tipping,1,1,1.0
2008-2,E01023543,Street Lights,1,1,1.0
2008-2,E01023548,Potholes,1,1,1.0
2008-2,E01023555,Graffiti,1,1,1.0
2008-2,E01023601,Abandoned Vehicles,1,1,1.0
2008-2,E01023613,Dog Fouling,1,1,1.0
2008-2,E01023613,Parking,1,1,1.0
2008-2,E01023620,Abandoned Vehicles,1,1,1.0
2008-2,E01023620,Dog Fouling,1,1,1.0
2008-2,E01023806,Street Lights,1,1,1.0
2008-2,E01023826,Abandoned Vehicles,1,1,1.0
2008-2,E01023838,Street Cleaning,1,1,1.0
2008-2,E01023846,Potholes,1,1,1.0
2008-2,E01023884,Potholes,2,1,2.0
2008-2,E01023925,Highway Condition,3,2,1.5
2008-2,E01024020,Pavement /Footway Defects,1,1,1.0
2008-2,E01024020,Street Lights,1,1,1.0
2008-2,E01024027,Street Lights,1,1,1.0
2008-2,E01024076,Potholes,1,1,1.0
2008-2,E01024131,Potholes,1,1,1.0
2008-2,E01024135,Street Signs,1,1,1.0
2008-2,E01024138,Pavement /Footway Defects,1,1,1.0
2008-2,E01024139,Pavement /Footway Defects,1,1,1.0
2008-2,E01024147,Abandoned Vehicles,1,1,1.0
2008-2,E01024154,Highway Condition,1,1,1.0
2008-2,E01024361,Parking,1,1,1.0
2008-2,E01024381,Other,1,1,1.0
2008-2,E01024386,Abandoned Vehicles,1,1,1.0
2008-2,E01024392,Street Lights,1,1,1.0
2008-2,E01024406,Street Lights,1,1,1.0
2008-2,E01024479,Other,1,1,1.0
2008-2,E01024480,Street Lights,1,1,1.0
2008-2,E01024482,Abandoned Vehicles,1,1,1.0
2008-2,E01024544,Potholes,1,1,1.0
2008-2,E01024547,Street Lights,1,1,1.0
2008-2,E01024633,Street Lights,1,1,1.0
2008-2,E01024671,Other,1,1,1.0
2008-2,E01024671,Street Lights,1,1,1.0
2008-2,E01024676,Street Cleaning,1,1,1.0
2008-2,E01024754,Other,1,1,1.0
2008-2,E01024784,Street Lights,1,1,1.0
2008-2,E01024802,Abandoned Vehicles,1,1,1.0
2008-2,E01024887,Rubbish,1,1,1.0
2008-2,E01024974,Other,1,1,1.0
2008-2,E01024983,Dog Fouling,1,1,1.0
2008-2,E01025054,Fly-tipping,1,1,1.0
2008-2,E01025101,Fly-tipping,1,1,1.0
2008-2,E01025101,Street Lights,1,1,1.0
2008-2,E01025245,Fly-tipping,1,1,1.0
2008-2,E01025262,Street Lights,1,1,1.0
2008-2,E01025375,Street Lights,1,1,1.0
2008-2,E01025414,Street Lights,1,1,1.0
2008-2,E01025443,Dog Fouling,1,1,1.0
2008-2,E01025443,Graffiti,1,1,1.0
2008-2,E01025699,Rubbish,1,1,1.0
2008-2,E01025855,Other,1,1,1.0
2008-2,E01025895,Abandoned Vehicles,1,1,1.0
2008-2,E01025899,Other,1,1,1.0
2008-2,E01025939,Dog Fouling,1,1,1.0
2008-2,E01025953,Dog Fouling,1,1,1.0
2008-2,E01026052,Dog Fouling,1,1,1.0
2008-2,E01026171,Other,1,1,1.0
2008-2,E01026171,Pavement /Footway Defects,1,1,1.0
2008-2,E01026193,Dog Fouling,1,1,1.0
2008-2,E01026193,Fly-tipping,1,1,1.0
2008-2,E01026193,Highway Condition,1,1,1.0
2008-2,E01026215,Potholes,1,1,1.0
2008-2,E01026218,Rubbish,1,1,1.0
2008-2,E01026225,Street Lights,1,1,1.0
2008-2,E01026236,Fly-tipping,1,1,1.0
2008-2,E01026251,Street Lights,1,1,1.0
2008-2,E01026317,Fly-tipping,2,2,1.0
2008-2,E01026317,Potholes,1,1,1.0
2008-2,E01026317,Rubbish,1,1,1.0
2008-2,E01026330,Abandoned Vehicles,1,1,1.0
2008-2,E01026332,Dog Fouling,1,1,1.0
2008-2,E01026333,Rubbish,1,1,1.0
2008-2,E01026347,Other,1,1,1.0
2008-2,E01026363,Fly-tipping,2,1,2.0
2008-2,E01026426,Fly-tipping,1,1,1.0
2008-2,E01026458,Highway Condition,1,1,1.0
2008-2,E01026470,Parking,1,1,1.0
2008-2,E01026506,Highway Condition,1,1,1.0
2008-2,E01026530,Potholes,1,1,1.0
2008-2,E01026587,Street Signs,1,1,1.0
2008-2,E01026588,Fly-tipping,1,1,1.0
2008-2,E01026597,Street Lights,1,1,1.0
2008-2,E01026598,Fly-tipping,2,2,1.0
2008-2,E01026622,Fallen/Dangerous Trees,1,1,1.0
2008-2,E01026622,Fly-tipping,4,1,4.0
2008-2,E01026623,Fly-tipping,2,2,1.0
2008-2,E01026624,Fly-tipping,1,1,1.0
2008-2,E01026625,Fly-tipping,4,1,4.0
2008-2,E01026626,Fly-tipping,2,2,1.0
2008-2,E01026653,Street Lights,1,1,1.0
2008-2,E01026654,Parking,1,1,1.0
2008-2,E01026655,Graffiti,2,1,2.0
2008-2,E01026655,Parking,1,1,1.0
2008-2,E01026661,Potholes,1,1,1.0
2008-2,E01026687,Abandoned Vehicles,1,1,1.0
2008-2,E01026715,Parking,1,1,1.0
2008-2,E01026722,Fly-tipping,1,1,1.0
2008-2,E01026725,Other,2,1,2.0
2008-2,E01026725,Pavement /Footway Defects,1,1,1.0
2008-2,E01026743,Public Toilets,1,1,1.0
2008-2,E01026745,Other,1,1,1.0
2008-2,E01026746,Fly-tipping,1,1,1.0
2008-2,E01026749,Fly-tipping,1,1,1.0
2008-2,E01026749,Street Name Plates,1,1,1.0
2008-2,E01026769,Fly-tipping,1,1,1.0
2008-2,E01026775,Dog Fouling,1,1,1.0
2008-2,E01026853,Abandoned Vehicles,1,1,1.0
2008-2,E01026857,Fallen/Dangerous Trees,1,1,1.0
2008-2,E01026881,Street Signs,1,1,1.0
2008-2,E01026937,Potholes,1,1,1.0
2008-2,E01026983,Abandoned Vehicles,2,1,2.0
2008-2,E01027017,Dog Fouling,1,1,1.0
2008-2,E01027181,Potholes,1,1,1.0
2008-2,E01027216,Parking,1,1,1.0
2008-2,E01027246,Fly-tipping,1,1,1.0
2008-2,E01027276,Street Cleaning,2,1,2.0
2008-2,E01027388,Abandoned Vehicles,2,1,2.0
2008-2,E01027425,Dog Fouling,1,1,1.0
2008-2,E01027477,Abandoned Vehicles,3,1,3.0
2008-2,E01027488,Potholes,2,1,2.0
2008-2,E01027501,Dog Fouling,1,1,1.0
2008-2,E01027511,Potholes,1,1,1.0
2008-2,E01027593,Dog Fouling,1,1,1.0
2008-2,E01027657,Graffiti,1,1,1.0
2008-2,E01027683,Flyposting,1,1,1.0
2008-2,E01027692,Dog Fouling,1,1,1.0
2008-2,E01027702,Dog Fouling,1,1,1.0
2008-2,E01027710,Dog Fouling,1,1,1.0
2008-2,E01027789,Potholes,1,1,1.0
2008-2,E01028064,Dog Fouling,1,1,1.0
2008-2,E01028070,Other,1,1,1.0
2008-2,E01028270,Street Cleaning,1,1,1.0
2008-2,E01028330,Highway Condition,1,1,1.0
2008-2,E01028508,Fly-tipping,1,1,1.0
2008-2,E01028521,Highway Condition,1,1,1.0
2008-2,E01028552,Highway Condition,1,1,1.0
2008-2,E01028553,Flyposting,1,1,1.0
2008-2,E01028553,Potholes,1,1,1.0
2008-2,E01028580,Pavement /Footway Defects,1,1,1.0
2008-2,E01028582,Dog Fouling,1,1,1.0
2008-2,E01028594,Street Signs,1,1,1.0
2008-2,E01028594,Traffic Lights,1,1,1.0
2008-2,E01028647,Potholes,1,1,1.0
2008-2,E01028702,Fallen/Dangerous Trees,1,1,1.0
2008-2,E01028703,Traffic Lights,1,1,1.0
2008-2,E01028719,Other,1,1,1.0
2008-2,E01028735,Potholes,2,1,2.0
2008-2,E01028754,Fallen/Dangerous Trees,1,1,1.0
2008-2,E01028759,Potholes,1,1,1.0
2008-2,E01028784,Graffiti,1,1,1.0
2008-2,E01028784,Pavement /Footway Defects,1,1,1.0
2008-2,E01028787,Street Signs,1,1,1.0
2008-2,E01028788,Graffiti,1,1,1.0
2008-2,E01028818,Rubbish,1,1,1.0
2008-2,E01028855,Potholes,1,1,1.0
2008-2,E01029022,Dog Fouling,1,1,1.0
2008-2,E01029022,Pavement /Footway Defects,1,1,1.0
2008-2,E01029148,Other,1,1,1.0
2008-2,E01029537,Street Lights,1,1,1.0
2008-2,E01029651,Dog Fouling,1,1,1.0
2008-2,E01029717,Pavement /Footway Defects,1,1,1.0
2008-2,E01029791,Street Lights,1,1,1.0
2008-2,E01029812,Dog Fouling,1,1,1.0
2008-2,E01029851,Street Lights,1,1,1.0
2008-2,E01029899,Other,1,1,1.0
2008-2,E01029951,Pavement /Footway Defects,1,1,1.0
2008-2,E01029974,Dog Fouling,1,1,1.0
2008-2,E01030040,Dog Fouling,1,1,1.0
2008-2,E01030184,Dog Fouling,1,1,1.0
2008-2,E01030297,Potholes,1,1,1.0
2008-2,E01030360,Street Lights,1,1,1.0
2008-2,E01030365,Fly-tipping,1,1,1.0
2008-2,E01030438,Highway Condition,1,1,1.0
2008-2,E01030441,Pavement /Footway Defects,1,1,1.0
2008-2,E01030450,Potholes,1,1,1.0
2008-2,E01030452,Rubbish,1,1,1.0
2008-2,E01030458,Potholes,1,1,1.0
2008-2,E01030483,Potholes,1,1,1.0
2008-2,E01030504,Potholes,1,1,1.0
2008-2,E01030527,Potholes,1,1,1.0
2008-2,E01030559,Potholes,2,2,1.0
2008-2,E01030561,Potholes,1,1,1.0
2008-2,E01030567,Potholes,1,1,1.0
2008-2,E01030568,Potholes,2,1,2.0
2008-2,E01030605,Potholes,1,1,1.0
2008-2,E01030708,Pavement /Footway Defects,1,1,1.0
2008-2,E01030725,Street Lights,1,1,1.0
2008-2,E01030734,Street Cleaning,1,1,1.0
2008-2,E01030741,Bus Stops Damage,1,1,1.0
2008-2,E01030754,Street Lights,1,1,1.0
2008-2,E01030803,Street Signs,1,1,1.0
2008-2,E01030804,Street Lights,1,1,1.0
2008-2,E01030825,Abandoned Vehicles,1,1,1.0
2008-2,E01030829,Abandoned Vehicles,1,1,1.0
2008-2,E01030871,Street Lights,1,1,1.0
2008-2,E01030877,Potholes,1,1,1.0
2008-2,E01030878,Highway Condition,1,1,1.0
2008-2,E01030894,Highway Condition,1,1,1.0
2008-2,E01030895,Fly-tipping,1,1,1.0
2008-2,E01030931,Other,1,1,1.0
2008-2,E01030933,Potholes,1,1,1.0
2008-2,E01030934,Other,1,1,1.0
2008-2,E01030973,Street Lights,2,1,2.0
2008-2,E01030987,Street Cleaning,1,1,1.0
2008-2,E01031023,Highway Condition,1,1,1.0
2008-2,E01031096,Graffiti,1,1,1.0
2008-2,E01031209,Potholes,1,1,1.0
2008-2,E01031281,Other,1,1,1.0
2008-2,E01031367,Other,1,1,1.0
2008-2,E01031376,Street Lights,1,1,1.0
2008-2,E01031394,Dog Fouling,1,1,1.0
2008-2,E01031394,Street Lights,3,1,3.0
2008-2,E01031504,Potholes,1,1,1.0
2008-2,E01031519,Potholes,1,1,1.0
2008-2,E01031547,Other,1,1,1.0
2008-2,E01031579,Dog Fouling,1,1,1.0
2008-2,E01031579,Other,1,1,1.0
2008-2,E01031600,Street Lights,1,1,1.0
2008-2,E01031643,Potholes,1,1,1.0
2008-2,E01031692,Parking,1,1,1.0
2008-2,E01031718,Potholes,1,1,1.0
2008-2,E01031726,Potholes,1,1,1.0
2008-2,E01031753,Potholes,1,1,1.0
2008-2,E01031761,Potholes,1,1,1.0
2008-2,E01031782,Potholes,1,1,1.0
2008-2,E01031786,Potholes,2,1,2.0
2008-2,E01031844,Potholes,1,1,1.0
2008-2,E01031866,Potholes,2,1,2.0
2008-2,E01031869,Dog Fouling,1,1,1.0
2008-2,E01031869,Potholes,1,1,1.0
2008-2,E01031870,Street Lights,1,1,1.0
2008-2,E01031885,Potholes,2,1,2.0
2008-2,E01031894,Highway Condition,1,1,1.0
2008-2,E01032020,Highway Condition,1,1,1.0
2008-2,E01032134,Abandoned Vehicles,1,1,1.0
2008-2,E01032151,Fly-tipping,1,1,1.0
2008-2,E01032152,Abandoned Vehicles,1,1,1.0
2008-2,E01032152,Potholes,1,1,1.0
2008-2,E01032152,Street Lights,1,1,1.0
2008-2,E01032152,Street Name Plates,1,1,1.0
2008-2,E01032153,Potholes,1,1,1.0
2008-2,E01032173,Street Cleaning,1,1,1.0
2008-2,E01032214,Potholes,1,1,1.0
2008-2,E01032224,Graffiti,1,1,1.0
2008-2,E01032224,Highway Condition,1,1,1.0
2008-2,E01032226,Other,1,1,1.0
2008-2,E01032227,Dog Fouling,1,1,1.0
2008-2,E01032278,Dog Fouling,1,1,1.0
2008-2,E01032428,Potholes,2,1,2.0
2008-2,E01032430,Other,2,1,2.0
2008-2,E01032440,Highway Condition,1,1,1.0
2008-2,E01032443,Street Lights,1,1,1.0
2008-2,E01032480,Potholes,2,1,2.0
2008-2,E01032657,Parking,1,1,1.0
2008-2,E01032679,Graffiti,1,1,1.0
2008-2,E01032739,Highway Condition,1,1,1.0
2008-2,E01032739,Pavement /Footway Defects,1,1,1.0
2008-2,E01032739,Potholes,1,1,1.0
2008-2,E01032785,Rubbish,2,2,1.0
2008-2,E01032797,Bus Stops Damage,1,1,1.0
2008-2,E01032810,Street Cleaning,1,1,1.0
2008-2,E01032829,Street Name Plates,1,1,1.0
2008-2,E01032843,Dog Fouling,1,1,1.0
2008-2,E01032884,Pavement /Footway Defects,1,1,1.0
2008-2,E01032926,Other,1,1,1.0
2008-2,E01032962,Rubbish,1,1,1.0
2008-2,E01032991,Other,1,1,1.0
2008-2,E01032991,Street Lights,2,1,2.0
2008-2,E01032992,Dog Fouling,1,1,1.0
2008-2,E01032994,Highway Condition,1,1,1.0
2008-2,E01033018,Bus Stops Damage,1,1,1.0
2008-2,E01033031,Street Cleaning,1,1,1.0
2008-2,E01033031,Street Lights,1,1,1.0
2008-2,E01033061,Street Lights,1,1,1.0
2008-2,E01033093,Street Signs,1,1,1.0
2008-2,E01033099,Street Lights,1,1,1.0
2008-2,E01033114,Street Lights,1,1,1.0
2008-2,E01033133,Street Lights,1,1,1.0
2008-2,E01033270,Other,1,1,1.0
2008-2,E01033278,Fly-tipping,1,1,1.0
2008-2,E01033279,Fly-tipping,1,1,1.0
2008-2,E01033305,Potholes,1,1,1.0
2008-2,E01033361,Other,2,1,2.0
2008-2,E01033386,Pavement /Footway Defects,1,1,1.0
2008-2,E01033491,Pavement /Footway Defects,1,1,1.0
2008-2,E01033503,Street Lights,1,1,1.0
2008-2,E01033644,Street Name Plates,1,1,1.0
2008-2,E01033698,Street Lights,1,1,1.0
2008-2,E01033722,Potholes,1,1,1.0
2008-2,E01033758,Potholes,1,1,1.0
2008-2,S01006506,Pavement /Footway Defects,1,1,1.0
2008-2,S01006506,Street Signs,1,1,1.0
2008-2,S01006508,Street Lights,2,1,2.0
2008-2,S01006511,Street Lights,2,2,1.0
2008-2,S01006514,Street Lights,1,1,1.0
2008-2,S01006516,Street Lights,2,1,2.0
2008-2,S01006517,Highway Condition,1,1,1.0
2008-2,S01006518,Traffic Lights,1,1,1.0
2008-2,S01006521,Potholes,1,1,1.0
2008-2,S01006521,Street Lights,1,1,1.0
2008-2,S01006521,Street Name Plates,1,1,1.0
2008-2,S01006523,Street Signs,1,1,1.0
2008-2,S01006524,Street Lights,2,1,2.0
2008-2,S01006525,Street Lights,2,1,2.0
2008-2,S01006529,Traffic Lights,2,1,2.0
2008-2,S01006541,Highway Condition,1,1,1.0
2008-2,S01006542,Highway Condition,1,1,1.0
2008-2,S01006542,Street Lights,1,1,1.0
2008-2,S01006542,Traffic Lights,1,1,1.0
2008-2,S01006549,Street Lights,1,1,1.0
2008-2,S01006551,Street Lights,1,1,1.0
2008-2,S01006559,Traffic Lights,1,1,1.0
2008-2,S01006561,Pavement /Footway Defects,1,1,1.0
2008-2,S01006561,Potholes,1,1,1.0
2008-2,S01006562,Traffic Lights,1,1,1.0
2008-2,S01006579,Traffic Lights,1,1,1.0
2008-2,S01006580,Dog Fouling,1,1,1.0
2008-2,S01006586,Traffic Lights,1,1,1.0
2008-2,S01006624,Highway Condition,1,1,1.0
2008-2,S01006627,Abandoned Vehicles,1,1,1.0
2008-2,S01006627,Highway Condition,1,1,1.0
2008-2,S01006646,Street Lights,1,1,1.0
2008-2,S01006647,Street Lights,1,1,1.0
2008-2,S01006666,Other,1,1,1.0
2008-2,S01006669,Street Lights,1,1,1.0
2008-2,S01006684,Abandoned Vehicles,1,1,1.0
2008-2,S01006690,Street Lights,1,1,1.0
2008-2,S01006691,Abandoned Vehicles,1,1,1.0
2008-2,S01006694,Traffic Lights,1,1,1.0
2008-2,S01006695,Street Signs,1,1,1.0
2008-2,S01006701,Traffic Lights,1,1,1.0
2008-2,S01006711,Open Spaces/Parks,1,1,1.0
2008-2,S01006719,Dog Fouling,1,1,1.0
2008-2,S01006732,Fly-tipping,1,1,1.0
2008-2,S01006732,Potholes,1,1,1.0
2008-2,S01006732,Street Lights,1,1,1.0
2008-2,S01006768,Street Lights,1,1,1.0
2008-2,S01006794,Potholes,1,1,1.0
2008-2,S01006811,Highway Condition,1,1,1.0
2008-2,S01006828,Street Lights,1,1,1.0
2008-2,S01006842,Rubbish,1,1,1.0
2008-2,S01006854,Street Signs,1,1,1.0
2008-2,S01006889,Other,1,1,1.0
2008-2,S01006931,Street Signs,1,1,1.0
2008-2,S01006946,Pavement /Footway Defects,1,1,1.0
2008-2,S01006958,Potholes,1,1,1.0
2008-2,S01006959,Dog Fouling,1,1,1.0
2008-2,S01007094,Dog Fouling,1,1,1.0
2008-2,S01007150,Highway Condition,1,1,1.0
2008-2,S01007178,Highway Condition,1,1,1.0
2008-2,S01007204,Potholes,1,1,1.0
2008-2,S01007301,Other,1,1,1.0
2008-2,S01007305,Potholes,1,1,1.0
2008-2,S01007310,Other,1,1,1.0
2008-2,S01007314,Potholes,1,1,1.0
2008-2,S01007340,Bus Stops Damage,1,1,1.0
2008-2,S01007350,Other,1,1,1.0
2008-2,S01007409,Highway Condition,1,1,1.0
2008-2,S01007423,Other,1,1,1.0
2008-2,S01007425,Graffiti,1,1,1.0
2008-2,S01007453,Rubbish,1,1,1.0
2008-2,S01007454,Parking,2,1,2.0
2008-2,S01007462,Street Name Plates,1,1,1.0
2008-2,S01007476,Highway Condition,1,1,1.0
2008-2,S01007513,Potholes,1,1,1.0
2008-2,S01007537,Street Lights,1,1,1.0
2008-2,S01007612,Highway Condition,1,1,1.0
2008-2,S01007631,Potholes,1,1,1.0
2008-2,S01007696,Fly-tipping,1,1,1.0
2008-2,S01007696,Graffiti,1,1,1.0
2008-2,S01007711,Other,1,1,1.0
2008-2,S01007752,Potholes,1,1,1.0
2008-2,S01007772,Potholes,1,1,1.0
2008-2,S01007815,Abandoned Vehicles,1,1,1.0
2008-2,S01007851,Graffiti,1,1,1.0
2008-2,S01007851,Street Cleaning,1,1,1.0
2008-2,S01007858,Potholes,1,1,1.0
2008-2,S01007878,Dog Fouling,1,1,1.0
2008-2,S01007928,Dog Fouling,1,1,1.0
2008-2,S01007932,Street Lights,1,1,1.0
2008-2,S01007997,Bus Stops Damage,1,1,1.0
2008-2,S01008046,Traffic Lights,1,1,1.0
2008-2,S01008059,Street Lights,1,1,1.0
2008-2,S01008065,Other,1,1,1.0
2008-2,S01008086,Pavement /Footway Defects,1,1,1.0
2008-2,S01008087,Dog Fouling,1,1,1.0
2008-2,S01008087,Highway Condition,1,1,1.0
2008-2,S01008087,Pavement /Footway Defects,1,1,1.0
2008-2,S01008087,Street Lights,1,1,1.0
2008-2,S01008087,Street Signs,1,1,1.0
2008-2,S01008094,Highway Condition,1,1,1.0
2008-2,S01008117,Flyposting,1,1,1.0
2008-2,S01008131,Pavement /Footway Defects,1,1,1.0
2008-2,S01008132,Pavement /Footway Defects,1,1,1.0
2008-2,S01008133,Pavement /Footway Defects,1,1,1.0
2008-2,S01008144,Potholes,1,1,1.0
2008-2,S01008183,Fly-tipping,1,1,1.0
2008-2,S01008194,Highway Condition,2,1,2.0
2008-2,S01008198,Street Signs,1,1,1.0
2008-2,S01008211,Street Cleaning,1,1,1.0
2008-2,S01008218,Dog Fouling,1,1,1.0
2008-2,S01008218,Fly-tipping,1,1,1.0
2008-2,S01008218,Rubbish,4,1,4.0
2008-2,S01008218,Street Cleaning,1,1,1.0
2008-2,S01008239,Rubbish,1,1,1.0
2008-2,S01008278,Potholes,1,1,1.0
2008-2,S01008298,Bus Stops Damage,1,1,1.0
2008-2,S01008300,Street Lights,1,1,1.0
2008-2,S01008355,Potholes,1,1,1.0
2008-2,S01008356,Pavement /Footway Defects,1,1,1.0
2008-2,S01008366,Potholes,1,1,1.0
2008-2,S01008368,Potholes,1,1,1.0
2008-2,S01008377,Other,1,1,1.0
2008-2,S01008378,Potholes,1,1,1.0
2008-2,S01008401,Abandoned Vehicles,1,1,1.0
2008-2,S01008429,Other,1,1,1.0
2008-2,S01008445,Graffiti,1,1,1.0
2008-2,S01008445,Highway Condition,1,1,1.0
2008-2,S01008456,Other,2,1,2.0
2008-2,S01008464,Other,1,1,1.0
2008-2,S01008466,Dog Fouling,1,1,1.0
2008-2,S01008468,Potholes,1,1,1.0
2008-2,S01008477,Dog Fouling,1,1,1.0
2008-2,S01008480,Highway Condition,1,1,1.0
2008-2,S01008480,Rubbish,1,1,1.0
2008-2,S01008482,Parking,1,1,1.0
2008-2,S01008489,Highway Condition,1,1,1.0
2008-2,S01008494,Other,1,1,1.0
2008-2,S01008494,Potholes,1,1,1.0
2008-2,S01008512,Graffiti,1,1,1.0
2008-2,S01008516,Dog Fouling,1,1,1.0
2008-2,S01008534,Street Lights,1,1,1.0
2008-2,S01008544,Potholes,1,1,1.0
2008-2,S01008548,Dog Fouling,1,1,1.0
2008-2,S01008593,Pavement /Footway Defects,1,1,1.0
2008-2,S01008618,Graffiti,1,1,1.0
2008-2,S01008619,Rubbish,1,1,1.0
2008-2,S01008623,Street Lights,1,1,1.0
2008-2,S01008651,Pavement /Footway Defects,1,1,1.0
2008-2,S01008654,Street Lights,1,1,1.0
2008-2,S01008659,Street Lights,1,1,1.0
2008-2,S01008660,Graffiti,1,1,1.0
2008-2,S01008691,Dog Fouling,1,1,1.0
2008-2,S01008691,Street Cleaning,1,1,1.0
2008-2,S01008692,Dog Fouling,1,1,1.0
2008-2,S01008692,Other,1,1,1.0
2008-2,S01008726,Other,1,1,1.0
2008-2,S01008761,Dog Fouling,1,1,1.0
2008-2,S01008763,Other,1,1,1.0
2008-2,S01008772,Graffiti,1,1,1.0
2008-2,S01008777,Rubbish,1,1,1.0
2008-2,S01008785,Fly-tipping,1,1,1.0
2008-2,S01008785,Graffiti,1,1,1.0
2008-2,S01008792,Street Lights,1,1,1.0
2008-2,S01008799,Rubbish,1,1,1.0
2008-2,S01008843,Street Cleaning,1,1,1.0
2008-2,S01008890,Street Lights,1,1,1.0
2008-2,S01008900,Potholes,1,1,1.0
2008-2,S01008901,Potholes,1,1,1.0
2008-2,S01008905,Graffiti,1,1,1.0
2008-2,S01008938,Potholes,1,1,1.0
2008-2,S01008983,Street Lights,1,1,1.0
2008-2,S01008986,Potholes,1,1,1.0
2008-2,S01008996,Potholes,1,1,1.0
2008-2,S01008996,Street Cleaning,1,1,1.0
2008-2,S01008997,Potholes,1,1,1.0
2008-2,S01008998,Potholes,1,1,1.0
2008-2,S01009011,Traffic Lights,1,1,1.0
2008-2,S01009046,Potholes,1,1,1.0
2008-2,S01009050,Fly-tipping,1,1,1.0
2008-2,S01009052,Highway Condition,1,1,1.0
2008-2,S01009058,Traffic Lights,1,1,1.0
2008-2,S01009059,Street Lights,1,1,1.0
2008-2,S01009067,Graffiti,1,1,1.0
2008-2,S01009084,Potholes,1,1,1.0
2008-2,S01009094,Street Lights,1,1,1.0
2008-2,S01009095,Dog Fouling,1,1,1.0
2008-2,S01009096,Highway Condition,1,1,1.0
2008-2,S01009099,Highway Condition,1,1,1.0
2008-2,S01009119,Street Lights,1,1,1.0
2008-2,S01009128,Highway Condition,1,1,1.0
2008-2,S01009132,Street Lights,1,1,1.0
2008-2,S01009133,Potholes,1,1,1.0
2008-2,S01009137,Street Lights,1,1,1.0
2008-2,S01009146,Open Spaces/Parks,1,1,1.0
2008-2,S01009146,Other,1,1,1.0
2008-2,S01009146,Street Lights,2,1,2.0
2008-2,S01009154,Pavement /Footway Defects,1,1,1.0
2008-2,S01009155,Other,2,2,1.0
2008-2,S01009164,Pavement /Footway Defects,1,1,1.0
2008-2,S01009164,Potholes,1,1,1.0
2008-2,S01009169,Street Lights,1,1,1.0
2008-2,S01009182,Potholes,1,1,1.0
2008-2,S01009183,Other,1,1,1.0
2008-2,S01009183,Potholes,1,1,1.0
2008-2,S01009190,Potholes,1,1,1.0
2008-2,S01009196,Street Lights,1,1,1.0
2008-2,S01009202,Street Lights,2,1,2.0
2008-2,S01009204,Highway Condition,1,1,1.0
2008-2,S01009207,Potholes,2,2,1.0
2008-2,S01009209,Street Lights,1,1,1.0
2008-2,S01009209,Street Signs,1,1,1.0
2008-2,S01009210,Potholes,1,1,1.0
2008-2,S01009216,Fallen/Dangerous Trees,1,1,1.0
2008-2,S01009216,Parking,1,1,1.0
2008-2,S01009220,Potholes,1,1,1.0
2008-2,S01009221,Potholes,1,1,1.0
2008-2,S01009221,Street Lights,1,1,1.0
2008-2,S01009222,Potholes,1,1,1.0
2008-2,S01009235,Street Lights,1,1,1.0
2008-2,S01009254,Street Cleaning,1,1,1.0
2008-2,S01009254,Street Signs,1,1,1.0
2008-2,S01009255,Rubbish,1,1,1.0
2008-2,S01009256,Other,1,1,1.0
2008-2,S01009257,Highway Condition,1,1,1.0
2008-2,S01009259,Other,2,1,2.0
2008-2,S01009271,Other,1,1,1.0
2008-2,S01009358,Open Spaces/Parks,1,1,1.0
2008-2,S01009361,Parking,1,1,1.0
2008-2,S01009374,Potholes,1,1,1.0
2008-2,S01009409,Highway Condition,1,1,1.0
2008-2,S01009409,Street Signs,1,1,1.0
2008-2,S01009506,Graffiti,1,1,1.0
2008-2,S01009507,Other,1,1,1.0
2008-2,S01009507,Parking,1,1,1.0
2008-2,S01009513,Pavement /Footway Defects,1,1,1.0
2008-2,S01009549,Other,1,1,1.0
2008-2,S01009574,Dog Fouling,1,1,1.0
2008-2,S01009576,Potholes,1,1,1.0
2008-2,S01009584,Highway Condition,1,1,1.0
2008-2,S01009590,Potholes,1,1,1.0
2008-2,S01009635,Street Cleaning,1,1,1.0
2008-2,S01009643,Other,1,1,1.0
2008-2,S01009649,Other,1,1,1.0
2008-2,S01009662,Highway Condition,1,1,1.0
2008-2,S01009663,Street Lights,1,1,1.0
2008-2,S01009670,Street Lights,1,1,1.0
2008-2,S01009674,Pavement /Footway Defects,1,1,1.0
2008-2,S01009709,Dog Fouling,1,1,1.0
2008-2,S01009713,Street Lights,1,1,1.0
2008-2,S01009765,Other,1,1,1.0
2008-2,S01009793,Open Spaces/Parks,1,1,1.0
2008-2,S01009796,Graffiti,1,1,1.0
2008-2,S01009807,Dog Fouling,1,1,1.0
2008-2,S01009821,Graffiti,1,1,1.0
2008-2,S01009831,Dog Fouling,1,1,1.0
2008-2,S01009834,Dog Fouling,1,1,1.0
2008-2,S01009838,Fly-tipping,1,1,1.0
2008-2,S01009850,Street Signs,1,1,1.0
2008-2,S01009869,Dog Fouling,1,1,1.0
2008-2,S01009869,Fly-tipping,1,1,1.0
2008-2,S01009874,Street Signs,1,1,1.0
2008-2,S01009883,Other,1,1,1.0
2008-2,S01009883,Street Cleaning,1,1,1.0
2008-2,S01009895,Street Lights,1,1,1.0
2008-2,S01009897,Rubbish,1,1,1.0
2008-2,S01009905,Potholes,1,1,1.0
2008-2,S01009914,Street Lights,2,1,2.0
2008-2,S01009932,Potholes,1,1,1.0
2008-2,S01009963,Dog Fouling,1,1,1.0
2008-2,S01009964,Street Lights,1,1,1.0
2008-2,S01009995,Dog Fouling,1,1,1.0
2008-2,S01010005,Parking,1,1,1.0
2008-2,S01010013,Other,1,1,1.0
2008-2,S01010030,Street Lights,1,1,1.0
2008-2,S01010032,Potholes,1,1,1.0
2008-2,S01010044,Dog Fouling,1,1,1.0
2008-2,S01010044,Graffiti,1,1,1.0
2008-2,S01010044,Other,1,1,1.0
2008-2,S01010046,Fly-tipping,1,1,1.0
2008-2,S01010051,Street Lights,1,1,1.0
2008-2,S01010080,Pavement /Footway Defects,1,1,1.0
2008-2,S01010113,Abandoned Vehicles,1,1,1.0
2008-2,S01010140,Abandoned Vehicles,1,1,1.0
2008-2,S01010145,Dog Fouling,1,1,1.0
2008-2,S01010169,Rubbish,1,1,1.0
2008-2,S01010190,Highway Condition,1,1,1.0
2008-2,S01010196,Potholes,1,1,1.0
2008-2,S01010235,Potholes,1,1,1.0
2008-2,S01010238,Flyposting,1,1,1.0
2008-2,S01010241,Highway Condition,1,1,1.0
2008-2,S01010280,Fly-tipping,1,1,1.0
2008-2,S01010299,Other,1,1,1.0
2008-2,S01010337,Street Lights,1,1,1.0
2008-2,S01010341,Dog Fouling,1,1,1.0
2008-2,S01010341,Street Name Plates,1,1,1.0
2008-2,S01010342,Highway Condition,1,1,1.0
2008-2,S01010342,Potholes,1,1,1.0
2008-2,S01010342,Street Lights,1,1,1.0
2008-2,S01010347,Highway Condition,1,1,1.0
2008-2,S01010395,Dog Fouling,1,1,1.0
2008-2,S01010417,Rubbish,1,1,1.0
2008-2,S01010424,Rubbish,1,1,1.0
2008-2,S01010432,Rubbish,1,1,1.0
2008-2,S01010436,Street Cleaning,1,1,1.0
2008-2,S01010444,Other,1,1,1.0
2008-2,S01010450,Street Name Plates,1,1,1.0
2008-2,S01010458,Fallen/Dangerous Trees,1,1,1.0
2008-2,S01010502,Other,1,1,1.0
2008-2,S01010509,Potholes,1,1,1.0
2008-2,S01010536,Potholes,1,1,1.0
2008-2,S01010618,Open Spaces/Parks,1,1,1.0
2008-2,S01010618,Other,1,1,1.0
2008-2,S01010667,Potholes,1,1,1.0
2008-2,S01010674,Dog Fouling,1,1,1.0
2008-2,S01010674,Street Lights,3,2,1.5
2008-2,S01010694,Street Lights,1,1,1.0
2008-2,S01010695,Other,1,1,1.0
2008-2,S01010716,Pavement /Footway Defects,1,1,1.0
2008-2,S01010727,Highway Condition,1,1,1.0
2008-2,S01010747,Street Cleaning,1,1,1.0
2008-2,S01010773,Dog Fouling,3,2,1.5
2008-2,S01010773,Other,1,1,1.0
2008-2,S01010775,Dog Fouling,1,1,1.0
2008-2,S01010775,Highway Condition,2,2,1.0
2008-2,S01010775,Open Spaces/Parks,1,1,1.0
2008-2,S01010775,Other,1,1,1.0
2008-2,S01010776,Dog Fouling,1,1,1.0
2008-2,S01010777,Pavement /Footway Defects,1,1,1.0
2008-2,S01010779,Pavement /Footway Defects,1,1,1.0
2008-2,S01010779,Potholes,2,2,1.0
2008-2,S01010783,Potholes,1,1,1.0
2008-2,S01010785,Pavement /Footway Defects,1,1,1.0
2008-2,S01010785,Street Name Plates,1,1,1.0
2008-2,S01010786,Highway Condition,1,1,1.0
2008-2,S01010786,Pavement /Footway Defects,1,1,1.0
2008-2,S01010787,Street Name Plates,1,1,1.0
2008-2,S01010788,Fly-tipping,1,1,1.0
2008-2,S01010794,Potholes,2,2,1.0
2008-2,S01010796,Highway Condition,1,1,1.0
2008-2,S01010799,Other,1,1,1.0
2008-2,S01010799,Potholes,1,1,1.0
2008-2,S01010800,Dog Fouling,1,1,1.0
2008-2,S01010800,Potholes,2,1,2.0
2008-2,S01010801,Other,1,1,1.0
2008-2,S01010803,Fly-tipping,1,1,1.0
2008-2,S01010803,Other,1,1,1.0
2008-2,S01010805,Potholes,1,1,1.0
2008-2,S01010805,Street Lights,1,1,1.0
2008-2,S01010838,Street Lights,1,1,1.0
2008-2,S01010864,Dog Fouling,1,1,1.0
2008-2,S01010891,Traffic Lights,1,1,1.0
2008-2,S01010913,Fallen/Dangerous Trees,1,1,1.0
2008-2,S01010925,Street Lights,1,1,1.0
2008-2,S01010957,Dog Fouling,1,1,1.0
2008-2,S01010957,Rubbish,1,1,1.0
2008-2,S01010958,Other,1,1,1.0
2008-2,S01010963,Abandoned Vehicles,1,1,1.0
2008-2,S01010968,Potholes,1,1,1.0
2008-2,S01011099,Street Lights,1,1,1.0
2008-2,S01011104,Highway Condition,1,1,1.0
2008-2,S01011110,Parking,1,1,1.0
2008-2,S01011111,Dog Fouling,1,1,1.0
2008-2,S01011131,Dog Fouling,1,1,1.0
2008-2,S01011156,Pavement /Footway Defects,1,1,1.0
2008-2,S01011180,Highway Condition,1,1,1.0
2008-2,S01011218,Dog Fouling,1,1,1.0
2008-2,S01011290,Other,1,1,1.0
2008-2,S01011302,Pavement /Footway Defects,2,2,1.0
2008-2,S01011309,Fly-tipping,1,1,1.0
2008-2,S01011323,Street Lights,1,1,1.0
2008-2,S01011327,Highway Condition,1,1,1.0
2008-2,S01011333,Pavement /Footway Defects,1,1,1.0
2008-2,S01011362,Fly-tipping,1,1,1.0
2008-2,S01011367,Other,1,1,1.0
2008-2,S01011431,Other,1,1,1.0
2008-2,S01011446,Potholes,1,1,1.0
2008-2,S01011479,Potholes,1,1,1.0
2008-2,S01011480,Potholes,1,1,1.0
2008-2,S01011523,Fly-tipping,1,1,1.0
2008-2,S01011523,Graffiti,1,1,1.0
2008-2,S01011643,Other,1,1,1.0
2008-2,S01011650,Highway Condition,1,1,1.0
2008-2,S01011652,Pavement /Footway Defects,1,1,1.0
2008-2,S01011660,Highway Condition,1,1,1.0
2008-2,S01011672,Street Signs,1,1,1.0
2008-2,S01011682,Highway Condition,1,1,1.0
2008-2,S01011683,Potholes,2,2,1.0
2008-2,S01011688,Potholes,1,1,1.0
2008-2,S01011689,Potholes,1,1,1.0
2008-2,S01011700,Street Lights,1,1,1.0
2008-2,S01011716,Highway Condition,1,1,1.0
2008-2,S01011778,Other,1,1,1.0
2008-2,S01011778,Street Lights,1,1,1.0
2008-2,S01011789,Potholes,1,1,1.0
2008-2,S01011791,Dog Fouling,1,1,1.0
2008-2,S01011834,Highway Condition,1,1,1.0
2008-2,S01011893,Fallen/Dangerous Trees,1,1,1.0
2008-2,S01011953,Potholes,1,1,1.0
2008-2,S01011983,Highway Condition,1,1,1.0
2008-2,S01012018,Street Cleaning,1,1,1.0
2008-2,S01012026,Other,1,1,1.0
2008-2,S01012027,Pavement /Footway Defects,1,1,1.0
2008-2,S01012027,Potholes,1,1,1.0
2008-2,S01012035,Potholes,1,1,1.0
2008-2,S01012042,Pavement /Footway Defects,1,1,1.0
2008-2,S01012047,Highway Condition,1,1,1.0
2008-2,S01012056,Highway Condition,1,1,1.0
2008-2,S01012058,Potholes,1,1,1.0
2008-2,S01012062,Street Lights,1,1,1.0
2008-2,S01012075,Street Lights,1,1,1.0
2008-2,S01012079,Other,1,1,1.0
2008-2,S01012079,Potholes,1,1,1.0
2008-2,S01012079,Street Name Plates,1,1,1.0
2008-2,S01012094,Potholes,1,1,1.0
2008-2,S01012096,Graffiti,1,1,1.0
2008-2,S01012107,Potholes,1,1,1.0
2008-2,S01012115,Potholes,1,1,1.0
2008-2,S01012128,Other,1,1,1.0
2008-2,S01012133,Pavement /Footway Defects,1,1,1.0
2008-2,S01012145,Pavement /Footway Defects,1,1,1.0
2008-2,S01012158,Street Lights,1,1,1.0
2008-2,S01012163,Highway Condition,1,1,1.0
2008-2,S01012164,Highway Condition,1,1,1.0
2008-2,S01012165,Other,1,1,1.0
2008-2,S01012181,Potholes,1,1,1.0
2008-2,S01012216,Potholes,1,1,1.0
2008-2,S01012230,Street Lights,1,1,1.0
2008-2,S01012322,Other,2,1,2.0
2008-2,S01012371,Other,1,1,1.0
2008-2,S01012486,Pavement /Footway Defects,1,1,1.0
2008-2,S01012515,Other,1,1,1.0
2008-2,S01012536,Highway Condition,1,1,1.0
2008-2,S01012579,Potholes,1,1,1.0
2008-2,S01012582,Potholes,1,1,1.0
2008-2,S01012587,Potholes,1,1,1.0
2008-2,S01012614,Potholes,1,1,1.0
2008-2,S01012616,Fly-tipping,1,1,1.0
2008-2,S01012617,Potholes,2,2,1.0
2008-2,S01012618,Street Lights,1,1,1.0
2008-2,S01012619,Potholes,1,1,1.0
2008-2,S01012632,Rubbish,1,1,1.0
2008-2,S01012648,Pavement /Footway Defects,1,1,1.0
2008-2,S01012648,Potholes,1,1,1.0
2008-2,S01012652,Open Spaces/Parks,1,1,1.0
2008-2,S01012714,Dog Fouling,1,1,1.0
2008-2,S01012714,Fallen/Dangerous Trees,1,1,1.0
2008-2,S01012767,Highway Condition,1,1,1.0
2008-2,S01012771,Street Lights,1,1,1.0
2008-2,S01012789,Potholes,1,1,1.0
2008-2,S01012799,Potholes,1,1,1.0
2008-2,S01012804,Fly-tipping,2,1,2.0
2008-2,S01012808,Street Lights,1,1,1.0
2008-2,S01012811,Graffiti,1,1,1.0
2008-2,S01012816,Other,1,1,1.0
2008-2,S01012835,Street Lights,1,1,1.0
2008-2,S01012864,Highway Condition,1,1,1.0
2008-2,S01012893,Dog Fouling,1,1,1.0
2008-2,S01012942,Other,2,1,2.0
2008-2,S01012942,Pavement /Footway Defects,1,1,1.0
2008-2,S01012942,Street Lights,1,1,1.0
2008-2,S01013026,Parking,2,2,1.0
2008-2,S01013047,Open Spaces/Parks,1,1,1.0
2008-2,S01013062,Other,1,1,1.0
2008-2,S01013062,Potholes,1,1,1.0
2008-2,S01013066,Potholes,1,1,1.0
2008-2,S01013106,Other,1,1,1.0
2008-2,S01013109,Street Signs,1,1,1.0
2008-2,S01013192,Street Lights,2,1,2.0
2008-2,S01013192,Street Name Plates,1,1,1.0
2008-2,S01013199,Highway Condition,1,1,1.0
2008-2,S01013266,Traffic Lights,1,1,1.0
2008-2,S01013273,Highway Condition,1,1,1.0
2008-2,S01013288,Street Name Plates,1,1,1.0
2008-2,S01013328,Street Lights,1,1,1.0
2008-2,S01013367,Street Lights,1,1,1.0
2008-2,S01013368,Street Lights,1,1,1.0
2008-2,S01013382,Parking,1,1,1.0
2008-2,S01013403,Street Lights,1,1,1.0
2008-2,S01013405,Other,1,1,1.0
2008-2,S01013411,Highway Condition,1,1,1.0
2008-2,S01013442,Potholes,1,1,1.0
2008-2,S01013448,Street Signs,1,1,1.0
2008-2,S01013457,Street Lights,1,1,1.0
2008-2,S01013477,Abandoned Vehicles,1,1,1.0
2008-2,S01013479,Pavement /Footway Defects,1,1,1.0
2008-2,W01000191,Highway Condition,1,1,1.0
2008-2,W01000210,Highway Condition,1,1,1.0
2008-2,W01000251,Other,1,1,1.0
2008-2,W01000351,Fly-tipping,1,1,1.0
2008-2,W01000502,Pavement /Footway Defects,1,1,1.0
2008-2,W01000746,Rubbish,1,1,1.0
2008-2,W01000822,Rubbish,1,1,1.0
2008-2,W01001044,Rubbish,1,1,1.0
2008-2,W01001089,Highway Condition,1,1,1.0
2008-2,W01001148,Abandoned Vehicles,1,1,1.0
2008-2,W01001190,Street Cleaning,1,1,1.0
2008-2,W01001197,Highway Condition,1,1,1.0
2008-2,W01001228,Graffiti,1,1,1.0
2008-2,W01001243,Rubbish,2,1,2.0
2008-2,W01001330,Highway Condition,1,1,1.0
2008-2,W01001372,Graffiti,1,1,1.0
2008-2,W01001395,Graffiti,1,1,1.0
2008-2,W01001448,Dog Fouling,1,1,1.0
2008-2,W01001448,Street Cleaning,1,1,1.0
2008-2,W01001529,Other,1,1,1.0
2008-2,W01001559,Other,4,1,4.0
2008-2,W01001559,Pavement /Footway Defects,1,1,1.0
2008-2,W01001559,Potholes,3,1,3.0
2008-2,W01001584,Bus Stops Damage,1,1,1.0
2008-2,W01001584,Street Cleaning,1,1,1.0
2008-2,W01001584,Street Name Plates,1,1,1.0
2008-2,W01001586,Flyposting,1,1,1.0
2008-2,W01001586,Highway Condition,1,1,1.0
2008-2,W01001586,Potholes,3,1,3.0
2008-2,W01001586,Street Lights,1,1,1.0
2008-2,W01001587,Pavement /Footway Defects,1,1,1.0
2008-2,W01001587,Potholes,1,1,1.0
2008-2,W01001592,Fly-tipping,1,1,1.0
2008-2,W01001592,Street Cleaning,3,1,3.0
2008-2,W01001592,Street Name Plates,1,1,1.0
2008-2,W01001593,Potholes,2,1,2.0
2008-2,W01001593,Street Cleaning,5,1,5.0
2008-2,W01001593,Street Name Plates,1,1,1.0
2008-2,W01001691,Abandoned Vehicles,2,1,2.0
2008-2,W01001730,Pavement /Footway Defects,1,1,1.0
2008-2,W01001754,Dog Fouling,1,1,1.0
2008-2,W01001823,Graffiti,2,1,2.0
2008-2,W01001824,Graffiti,1,1,1.0
2008-2,W01001825,Graffiti,2,1,2.0
2008-2,W01001828,Graffiti,2,2,1.0
2008-2,W01001833,Rubbish,1,1,1.0
2008-2,W01001879,Graffiti,1,1,1.0
2008-2,W01001893,Parking,1,1,1.0
2008-2,,Other,1,1,1.0
