period,LAD,SHEF_A,report_count,user_count,average
2011-8,E06000001,Potholes,1,1,1.0
2011-8,E06000002,Dog Fouling,1,1,1.0
2011-8,E06000002,Fallen/Dangerous Trees,2,2,1.0
2011-8,E06000002,Fly-tipping,2,2,1.0
2011-8,E06000002,Other,1,1,1.0
2011-8,E06000002,Pavement /Footway Defects,1,1,1.0
2011-8,E06000002,Rubbish,1,1,1.0
2011-8,E06000002,Street Cleaning,2,1,2.0
2011-8,E06000003,Highway Condition,1,1,1.0
2011-8,E06000003,Open Spaces/Parks,1,1,1.0
2011-8,E06000003,Other,2,2,1.0
2011-8,E06000003,Pavement /Footway Defects,1,1,1.0
2011-8,E06000003,Potholes,1,1,1.0
2011-8,E06000003,Traffic Lights,1,1,1.0
2011-8,E06000004,Dog Fouling,1,1,1.0
2011-8,E06000004,Fly-tipping,1,1,1.0
2011-8,E06000004,Flyposting,1,1,1.0
2011-8,E06000004,Parking,1,1,1.0
2011-8,E06000004,Pavement /Footway Defects,1,1,1.0
2011-8,E06000004,Street Cleaning,1,1,1.0
2011-8,E06000005,Dog Fouling,1,1,1.0
2011-8,E06000005,Potholes,1,1,1.0
2011-8,E06000005,Street Cleaning,1,1,1.0
2011-8,E06000005,Street Lights,1,1,1.0
2011-8,E06000006,Dog Fouling,2,2,1.0
2011-8,E06000006,Highway Condition,1,1,1.0
2011-8,E06000006,Potholes,2,1,2.0
2011-8,E06000007,Abandoned Vehicles,1,1,1.0
2011-8,E06000007,Dog Fouling,1,1,1.0
2011-8,E06000007,Fly-tipping,1,1,1.0
2011-8,E06000007,Graffiti,1,1,1.0
2011-8,E06000007,Other,2,2,1.0
2011-8,E06000007,Pavement /Footway Defects,2,2,1.0
2011-8,E06000007,Potholes,2,2,1.0
2011-8,E06000007,Street Lights,3,2,1.5
2011-8,E06000008,Abandoned Vehicles,1,1,1.0
2011-8,E06000008,Fly-tipping,6,5,1.2
2011-8,E06000008,Highway Condition,1,1,1.0
2011-8,E06000008,Open Spaces/Parks,1,1,1.0
2011-8,E06000008,Other,3,3,1.0
2011-8,E06000008,Parking,2,2,1.0
2011-8,E06000008,Pavement /Footway Defects,1,1,1.0
2011-8,E06000008,Potholes,1,1,1.0
2011-8,E06000008,Rubbish,3,3,1.0
2011-8,E06000008,Street Cleaning,2,2,1.0
2011-8,E06000008,Street Lights,2,2,1.0
2011-8,E06000008,Street Signs,1,1,1.0
2011-8,E06000008,Traffic Lights,1,1,1.0
2011-8,E06000009,Fly-tipping,2,2,1.0
2011-8,E06000009,Highway Condition,2,2,1.0
2011-8,E06000009,Open Spaces/Parks,1,1,1.0
2011-8,E06000009,Other,2,2,1.0
2011-8,E06000009,Pavement /Footway Defects,3,2,1.5
2011-8,E06000009,Potholes,2,2,1.0
2011-8,E06000010,Highway Condition,1,1,1.0
2011-8,E06000010,Other,2,1,2.0
2011-8,E06000010,Parking,1,1,1.0
2011-8,E06000010,Pavement /Footway Defects,1,1,1.0
2011-8,E06000010,Potholes,1,1,1.0
2011-8,E06000010,Rubbish,1,1,1.0
2011-8,E06000010,Traffic Lights,1,1,1.0
2011-8,E06000011,Fallen/Dangerous Trees,2,1,2.0
2011-8,E06000011,Fly-tipping,1,1,1.0
2011-8,E06000011,Highway Condition,4,4,1.0
2011-8,E06000011,Other,9,6,1.5
2011-8,E06000011,Pavement /Footway Defects,2,2,1.0
2011-8,E06000011,Public Toilets,1,1,1.0
2011-8,E06000012,Parking,1,1,1.0
2011-8,E06000012,Pavement /Footway Defects,1,1,1.0
2011-8,E06000014,Fly-tipping,1,1,1.0
2011-8,E06000014,Graffiti,2,1,2.0
2011-8,E06000014,Parking,1,1,1.0
2011-8,E06000014,Potholes,2,2,1.0
2011-8,E06000014,Street Lights,1,1,1.0
2011-8,E06000015,Highway Condition,2,2,1.0
2011-8,E06000015,Street Cleaning,2,2,1.0
2011-8,E06000015,Street Lights,3,3,1.0
2011-8,E06000015,Street Name Plates,1,1,1.0
2011-8,E06000016,Fly-tipping,1,1,1.0
2011-8,E06000016,Highway Condition,2,2,1.0
2011-8,E06000016,Open Spaces/Parks,1,1,1.0
2011-8,E06000016,Pavement /Footway Defects,1,1,1.0
2011-8,E06000016,Street Lights,1,1,1.0
2011-8,E06000017,Open Spaces/Parks,1,1,1.0
2011-8,E06000017,Potholes,3,1,3.0
2011-8,E06000018,Bus Stops Damage,1,1,1.0
2011-8,E06000018,Fly-tipping,3,3,1.0
2011-8,E06000018,Open Spaces/Parks,2,2,1.0
2011-8,E06000018,Other,2,2,1.0
2011-8,E06000018,Rubbish,1,1,1.0
2011-8,E06000018,Street Lights,2,1,2.0
2011-8,E06000019,Graffiti,1,1,1.0
2011-8,E06000019,Potholes,3,3,1.0
2011-8,E06000019,Rubbish,1,1,1.0
2011-8,E06000020,Fly-tipping,4,4,1.0
2011-8,E06000020,Graffiti,1,1,1.0
2011-8,E06000020,Highway Condition,2,2,1.0
2011-8,E06000020,Open Spaces/Parks,1,1,1.0
2011-8,E06000020,Other,1,1,1.0
2011-8,E06000020,Parking,1,1,1.0
2011-8,E06000020,Potholes,2,2,1.0
2011-8,E06000020,Street Cleaning,2,2,1.0
2011-8,E06000020,Street Lights,2,1,2.0
2011-8,E06000021,Dog Fouling,1,1,1.0
2011-8,E06000021,Fly-tipping,3,3,1.0
2011-8,E06000021,Flyposting,1,1,1.0
2011-8,E06000021,Highway Condition,2,2,1.0
2011-8,E06000021,Open Spaces/Parks,1,1,1.0
2011-8,E06000021,Other,4,3,1.3333333333333333
2011-8,E06000021,Pavement /Footway Defects,4,4,1.0
2011-8,E06000021,Potholes,3,2,1.5
2011-8,E06000021,Traffic Lights,1,1,1.0
2011-8,E06000022,Abandoned Vehicles,1,1,1.0
2011-8,E06000022,Fallen/Dangerous Trees,1,1,1.0
2011-8,E06000022,Highway Condition,5,3,1.6666666666666667
2011-8,E06000022,Street Signs,1,1,1.0
2011-8,E06000023,Bus Stops Damage,1,1,1.0
2011-8,E06000023,Fallen/Dangerous Trees,1,1,1.0
2011-8,E06000023,Flyposting,2,2,1.0
2011-8,E06000023,Graffiti,6,4,1.5
2011-8,E06000023,Highway Condition,10,6,1.6666666666666667
2011-8,E06000023,Open Spaces/Parks,1,1,1.0
2011-8,E06000023,Other,1,1,1.0
2011-8,E06000023,Pavement /Footway Defects,2,2,1.0
2011-8,E06000023,Potholes,5,3,1.6666666666666667
2011-8,E06000023,Rubbish,1,1,1.0
2011-8,E06000023,Street Lights,1,1,1.0
2011-8,E06000023,Traffic Lights,1,1,1.0
2011-8,E06000024,Bus Stops Damage,1,1,1.0
2011-8,E06000024,Highway Condition,4,4,1.0
2011-8,E06000024,Pavement /Footway Defects,1,1,1.0
2011-8,E06000024,Potholes,7,7,1.0
2011-8,E06000024,Street Lights,1,1,1.0
2011-8,E06000025,Abandoned Vehicles,1,1,1.0
2011-8,E06000025,Fly-tipping,1,1,1.0
2011-8,E06000025,Potholes,2,1,2.0
2011-8,E06000025,Rubbish,1,1,1.0
2011-8,E06000025,Street Cleaning,2,2,1.0
2011-8,E06000025,Street Lights,2,2,1.0
2011-8,E06000025,Street Signs,1,1,1.0
2011-8,E06000026,Fallen/Dangerous Trees,1,1,1.0
2011-8,E06000026,Fly-tipping,3,3,1.0
2011-8,E06000026,Highway Condition,1,1,1.0
2011-8,E06000026,Other,3,3,1.0
2011-8,E06000026,Parking,1,1,1.0
2011-8,E06000026,Pavement /Footway Defects,1,1,1.0
2011-8,E06000026,Potholes,2,2,1.0
2011-8,E06000026,Rubbish,1,1,1.0
2011-8,E06000026,Street Lights,3,3,1.0
2011-8,E06000027,Other,1,1,1.0
2011-8,E06000027,Rubbish,1,1,1.0
2011-8,E06000027,Street Lights,2,2,1.0
2011-8,E06000028,Fallen/Dangerous Trees,1,1,1.0
2011-8,E06000028,Fly-tipping,3,2,1.5
2011-8,E06000028,Highway Condition,2,1,2.0
2011-8,E06000028,Pavement /Footway Defects,2,2,1.0
2011-8,E06000028,Potholes,2,2,1.0
2011-8,E06000028,Street Cleaning,2,2,1.0
2011-8,E06000028,Street Signs,1,1,1.0
2011-8,E06000029,Fly-tipping,1,1,1.0
2011-8,E06000029,Pavement /Footway Defects,1,1,1.0
2011-8,E06000029,Street Lights,3,1,3.0
2011-8,E06000030,Dog Fouling,1,1,1.0
2011-8,E06000030,Fly-tipping,3,2,1.5
2011-8,E06000030,Graffiti,8,4,2.0
2011-8,E06000030,Highway Condition,4,3,1.3333333333333333
2011-8,E06000030,Other,1,1,1.0
2011-8,E06000030,Pavement /Footway Defects,1,1,1.0
2011-8,E06000030,Street Lights,2,2,1.0
2011-8,E06000030,Street Signs,1,1,1.0
2011-8,E06000031,Fly-tipping,6,2,3.0
2011-8,E06000031,Graffiti,10,3,3.3333333333333335
2011-8,E06000031,Open Spaces/Parks,2,2,1.0
2011-8,E06000031,Other,3,1,3.0
2011-8,E06000031,Pavement /Footway Defects,1,1,1.0
2011-8,E06000031,Potholes,1,1,1.0
2011-8,E06000031,Street Lights,6,6,1.0
2011-8,E06000031,Street Signs,1,1,1.0
2011-8,E06000032,Highway Condition,1,1,1.0
2011-8,E06000032,Other,4,4,1.0
2011-8,E06000032,Potholes,1,1,1.0
2011-8,E06000033,Fallen/Dangerous Trees,1,1,1.0
2011-8,E06000033,Open Spaces/Parks,1,1,1.0
2011-8,E06000033,Other,3,3,1.0
2011-8,E06000035,Abandoned Vehicles,1,1,1.0
2011-8,E06000035,Dog Fouling,2,2,1.0
2011-8,E06000035,Fly-tipping,2,2,1.0
2011-8,E06000035,Other,1,1,1.0
2011-8,E06000035,Parking,1,1,1.0
2011-8,E06000035,Potholes,1,1,1.0
2011-8,E06000035,Traffic Lights,1,1,1.0
2011-8,E06000036,Abandoned Vehicles,3,3,1.0
2011-8,E06000036,Fallen/Dangerous Trees,2,2,1.0
2011-8,E06000036,Fly-tipping,1,1,1.0
2011-8,E06000036,Flyposting,1,1,1.0
2011-8,E06000036,Highway Condition,1,1,1.0
2011-8,E06000036,Other,3,3,1.0
2011-8,E06000036,Parking,2,2,1.0
2011-8,E06000036,Street Lights,1,1,1.0
2011-8,E06000036,Street Signs,1,1,1.0
2011-8,E06000037,Fly-tipping,1,1,1.0
2011-8,E06000037,Highway Condition,2,1,2.0
2011-8,E06000037,Other,1,1,1.0
2011-8,E06000037,Potholes,7,5,1.4
2011-8,E06000037,Street Lights,3,3,1.0
2011-8,E06000038,Fallen/Dangerous Trees,3,1,3.0
2011-8,E06000038,Fly-tipping,2,2,1.0
2011-8,E06000038,Graffiti,1,1,1.0
2011-8,E06000038,Highway Condition,2,2,1.0
2011-8,E06000038,Other,5,5,1.0
2011-8,E06000038,Pavement /Footway Defects,4,4,1.0
2011-8,E06000038,Potholes,1,1,1.0
2011-8,E06000038,Rubbish,4,1,4.0
2011-8,E06000038,Street Cleaning,2,2,1.0
2011-8,E06000038,Traffic Lights,1,1,1.0
2011-8,E06000039,Fallen/Dangerous Trees,1,1,1.0
2011-8,E06000039,Fly-tipping,1,1,1.0
2011-8,E06000039,Pavement /Footway Defects,1,1,1.0
2011-8,E06000039,Potholes,1,1,1.0
2011-8,E06000039,Rubbish,1,1,1.0
2011-8,E06000039,Street Cleaning,2,2,1.0
2011-8,E06000039,Street Lights,2,2,1.0
2011-8,E06000040,Fallen/Dangerous Trees,1,1,1.0
2011-8,E06000040,Highway Condition,2,2,1.0
2011-8,E06000040,Parking,1,1,1.0
2011-8,E06000040,Pavement /Footway Defects,1,1,1.0
2011-8,E06000040,Street Lights,1,1,1.0
2011-8,E06000040,Traffic Lights,1,1,1.0
2011-8,E06000041,Bus Stops Damage,1,1,1.0
2011-8,E06000041,Fallen/Dangerous Trees,2,2,1.0
2011-8,E06000041,Fly-tipping,1,1,1.0
2011-8,E06000041,Highway Condition,3,3,1.0
2011-8,E06000041,Open Spaces/Parks,2,2,1.0
2011-8,E06000041,Other,2,2,1.0
2011-8,E06000041,Parking,1,1,1.0
2011-8,E06000041,Pavement /Footway Defects,4,3,1.3333333333333333
2011-8,E06000041,Potholes,2,2,1.0
2011-8,E06000041,Street Lights,4,4,1.0
2011-8,E06000041,Street Name Plates,1,1,1.0
2011-8,E06000041,Street Signs,1,1,1.0
2011-8,E06000042,Abandoned Vehicles,1,1,1.0
2011-8,E06000042,Fly-tipping,1,1,1.0
2011-8,E06000042,Graffiti,8,1,8.0
2011-8,E06000042,Highway Condition,3,3,1.0
2011-8,E06000042,Potholes,6,2,3.0
2011-8,E06000042,Street Cleaning,1,1,1.0
2011-8,E06000042,Street Lights,1,1,1.0
2011-8,E06000042,Traffic Lights,1,1,1.0
2011-8,E06000043,Abandoned Vehicles,1,1,1.0
2011-8,E06000043,Fallen/Dangerous Trees,3,3,1.0
2011-8,E06000043,Graffiti,2,2,1.0
2011-8,E06000043,Other,5,5,1.0
2011-8,E06000043,Parking,3,3,1.0
2011-8,E06000043,Pavement /Footway Defects,6,6,1.0
2011-8,E06000043,Recycling,11,8,1.375
2011-8,E06000043,Street Cleaning,3,2,1.5
2011-8,E06000043,Street Lights,6,3,2.0
2011-8,E06000043,Street Signs,4,1,4.0
2011-8,E06000044,Bus Stops Damage,1,1,1.0
2011-8,E06000044,Fly-tipping,2,2,1.0
2011-8,E06000044,Highway Condition,3,3,1.0
2011-8,E06000044,Other,3,3,1.0
2011-8,E06000044,Parking,1,1,1.0
2011-8,E06000044,Pavement /Footway Defects,2,2,1.0
2011-8,E06000044,Rubbish,1,1,1.0
2011-8,E06000044,Street Lights,2,2,1.0
2011-8,E06000045,Fly-tipping,2,2,1.0
2011-8,E06000045,Graffiti,4,2,2.0
2011-8,E06000045,Highway Condition,3,3,1.0
2011-8,E06000045,Other,5,3,1.6666666666666667
2011-8,E06000045,Overgrown Vegetation,4,4,1.0
2011-8,E06000045,Pavement /Footway Defects,1,1,1.0
2011-8,E06000045,Potholes,2,2,1.0
2011-8,E06000045,Street Signs,1,1,1.0
2011-8,E06000046,Fly-tipping,1,1,1.0
2011-8,E06000046,Highway Condition,6,4,1.5
2011-8,E06000046,Other,1,1,1.0
2011-8,E06000046,Street Signs,1,1,1.0
2011-8,E06000047,Dog Fouling,2,2,1.0
2011-8,E06000047,Fly-tipping,2,1,2.0
2011-8,E06000047,Graffiti,1,1,1.0
2011-8,E06000047,Highway Condition,2,2,1.0
2011-8,E06000047,Open Spaces/Parks,2,2,1.0
2011-8,E06000047,Other,2,2,1.0
2011-8,E06000047,Pavement /Footway Defects,2,2,1.0
2011-8,E06000047,Potholes,8,8,1.0
2011-8,E06000047,Rubbish,2,2,1.0
2011-8,E06000047,Street Cleaning,1,1,1.0
2011-8,E06000047,Street Lights,4,4,1.0
2011-8,E06000047,Street Signs,1,1,1.0
2011-8,E06000049,Abandoned Vehicles,1,1,1.0
2011-8,E06000049,Dog Fouling,1,1,1.0
2011-8,E06000049,Fallen/Dangerous Trees,2,1,2.0
2011-8,E06000049,Fly-tipping,4,4,1.0
2011-8,E06000049,Highway Condition,5,5,1.0
2011-8,E06000049,Other,7,6,1.1666666666666667
2011-8,E06000049,Pavement /Footway Defects,3,3,1.0
2011-8,E06000049,Potholes,8,6,1.3333333333333333
2011-8,E06000049,Rubbish,2,2,1.0
2011-8,E06000049,Street Cleaning,2,2,1.0
2011-8,E06000049,Street Lights,6,6,1.0
2011-8,E06000049,Street Signs,5,2,2.5
2011-8,E06000050,Dog Fouling,1,1,1.0
2011-8,E06000050,Fallen/Dangerous Trees,1,1,1.0
2011-8,E06000050,Flyposting,1,1,1.0
2011-8,E06000050,Highway Condition,3,3,1.0
2011-8,E06000050,Other,2,2,1.0
2011-8,E06000050,Potholes,3,3,1.0
2011-8,E06000050,Street Cleaning,1,1,1.0
2011-8,E06000050,Street Signs,1,1,1.0
2011-8,E06000051,Bus Stops Damage,1,1,1.0
2011-8,E06000051,Other,2,2,1.0
2011-8,E06000051,Potholes,1,1,1.0
2011-8,E06000051,Street Lights,1,1,1.0
2011-8,E06000052,Dog Fouling,1,1,1.0
2011-8,E06000052,Fallen/Dangerous Trees,1,1,1.0
2011-8,E06000052,Fly-tipping,3,3,1.0
2011-8,E06000052,Highway Condition,1,1,1.0
2011-8,E06000052,Open Spaces/Parks,1,1,1.0
2011-8,E06000052,Other,1,1,1.0
2011-8,E06000052,Parking,1,1,1.0
2011-8,E06000052,Pavement /Footway Defects,1,1,1.0
2011-8,E06000052,Potholes,5,4,1.25
2011-8,E06000052,Public Toilets,1,1,1.0
2011-8,E06000052,Street Lights,2,2,1.0
2011-8,E06000054,Abandoned Vehicles,3,3,1.0
2011-8,E06000054,Highway Condition,4,4,1.0
2011-8,E06000054,Open Spaces/Parks,1,1,1.0
2011-8,E06000054,Other,3,2,1.5
2011-8,E06000054,Pavement /Footway Defects,3,3,1.0
2011-8,E06000054,Potholes,8,8,1.0
2011-8,E06000054,Rubbish,1,1,1.0
2011-8,E06000054,Street Lights,2,2,1.0
2011-8,E06000054,Street Signs,2,2,1.0
2011-8,E06000055,Highway Condition,5,4,1.25
2011-8,E06000055,Parking,1,1,1.0
2011-8,E06000055,Pavement /Footway Defects,1,1,1.0
2011-8,E06000055,Potholes,3,3,1.0
2011-8,E06000055,Street Lights,5,2,2.5
2011-8,E06000056,Bus Stops Damage,1,1,1.0
2011-8,E06000056,Fallen/Dangerous Trees,1,1,1.0
2011-8,E06000056,Fly-tipping,2,2,1.0
2011-8,E06000056,Graffiti,4,2,2.0
2011-8,E06000056,Highway Condition,10,8,1.25
2011-8,E06000056,Other,1,1,1.0
2011-8,E06000056,Pavement /Footway Defects,4,2,2.0
2011-8,E06000056,Potholes,8,2,4.0
2011-8,E06000056,Street Cleaning,1,1,1.0
2011-8,E06000056,Street Lights,1,1,1.0
2011-8,E06000056,Street Signs,2,2,1.0
2011-8,E06000057,Bus Stops Damage,1,1,1.0
2011-8,E06000057,Fallen/Dangerous Trees,1,1,1.0
2011-8,E06000057,Fly-tipping,1,1,1.0
2011-8,E06000057,Graffiti,1,1,1.0
2011-8,E06000057,Highway Condition,5,3,1.6666666666666667
2011-8,E06000057,Open Spaces/Parks,4,4,1.0
2011-8,E06000057,Other,2,2,1.0
2011-8,E06000057,Pavement /Footway Defects,2,2,1.0
2011-8,E06000057,Potholes,7,6,1.1666666666666667
2011-8,E06000057,Street Lights,8,5,1.6
2011-8,E07000004,Fallen/Dangerous Trees,1,1,1.0
2011-8,E07000004,Graffiti,1,1,1.0
2011-8,E07000004,Highway Condition,1,1,1.0
2011-8,E07000004,Pavement /Footway Defects,1,1,1.0
2011-8,E07000004,Potholes,3,3,1.0
2011-8,E07000004,Street Name Plates,1,1,1.0
2011-8,E07000005,Fallen/Dangerous Trees,1,1,1.0
2011-8,E07000005,Highway Condition,1,1,1.0
2011-8,E07000005,Potholes,4,4,1.0
2011-8,E07000005,Street Lights,3,3,1.0
2011-8,E07000006,Highway Condition,3,2,1.5
2011-8,E07000006,Other,1,1,1.0
2011-8,E07000006,Potholes,9,9,1.0
2011-8,E07000006,Street Lights,4,4,1.0
2011-8,E07000007,Abandoned Vehicles,1,1,1.0
2011-8,E07000007,Fallen/Dangerous Trees,1,1,1.0
2011-8,E07000007,Fly-tipping,3,2,1.5
2011-8,E07000007,Highway Condition,2,2,1.0
2011-8,E07000007,Other,2,2,1.0
2011-8,E07000007,Pavement /Footway Defects,2,2,1.0
2011-8,E07000007,Potholes,6,5,1.2
2011-8,E07000007,Rubbish,1,1,1.0
2011-8,E07000007,Street Lights,23,3,7.666666666666667
2011-8,E07000008,Abandoned Vehicles,1,1,1.0
2011-8,E07000008,Fly-tipping,3,3,1.0
2011-8,E07000008,Flyposting,1,1,1.0
2011-8,E07000008,Graffiti,3,2,1.5
2011-8,E07000008,Highway Condition,3,3,1.0
2011-8,E07000008,Open Spaces/Parks,1,1,1.0
2011-8,E07000008,Other,2,2,1.0
2011-8,E07000008,Pavement /Footway Defects,3,3,1.0
2011-8,E07000008,Rubbish,2,2,1.0
2011-8,E07000008,Street Cleaning,3,2,1.5
2011-8,E07000008,Street Lights,1,1,1.0
2011-8,E07000008,Street Signs,1,1,1.0
2011-8,E07000009,Abandoned Vehicles,1,1,1.0
2011-8,E07000009,Highway Condition,1,1,1.0
2011-8,E07000010,Dog Fouling,1,1,1.0
2011-8,E07000010,Fly-tipping,3,2,1.5
2011-8,E07000010,Graffiti,1,1,1.0
2011-8,E07000010,Other,1,1,1.0
2011-8,E07000010,Street Lights,2,2,1.0
2011-8,E07000011,Fly-tipping,1,1,1.0
2011-8,E07000011,Other,2,2,1.0
2011-8,E07000011,Parking,1,1,1.0
2011-8,E07000011,Pavement /Footway Defects,1,1,1.0
2011-8,E07000011,Potholes,2,2,1.0
2011-8,E07000012,Fallen/Dangerous Trees,1,1,1.0
2011-8,E07000012,Highway Condition,1,1,1.0
2011-8,E07000012,Pavement /Footway Defects,2,2,1.0
2011-8,E07000012,Potholes,6,6,1.0
2011-8,E07000012,Street Cleaning,2,2,1.0
2011-8,E07000012,Street Lights,1,1,1.0
2011-8,E07000012,Street Name Plates,1,1,1.0
2011-8,E07000012,Traffic Lights,1,1,1.0
2011-8,E07000026,Highway Condition,3,1,3.0
2011-8,E07000026,Potholes,1,1,1.0
2011-8,E07000026,Rubbish,1,1,1.0
2011-8,E07000026,Street Lights,5,1,5.0
2011-8,E07000027,Pavement /Footway Defects,1,1,1.0
2011-8,E07000027,Street Cleaning,1,1,1.0
2011-8,E07000028,Highway Condition,1,1,1.0
2011-8,E07000028,Other,1,1,1.0
2011-8,E07000029,Highway Condition,1,1,1.0
2011-8,E07000029,Potholes,1,1,1.0
2011-8,E07000029,Street Lights,2,1,2.0
2011-8,E07000030,Potholes,1,1,1.0
2011-8,E07000031,Highway Condition,1,1,1.0
2011-8,E07000031,Pavement /Footway Defects,3,1,3.0
2011-8,E07000031,Potholes,2,2,1.0
2011-8,E07000031,Street Lights,1,1,1.0
2011-8,E07000032,Abandoned Vehicles,1,1,1.0
2011-8,E07000032,Fly-tipping,2,1,2.0
2011-8,E07000032,Street Name Plates,1,1,1.0
2011-8,E07000033,Other,2,2,1.0
2011-8,E07000034,Abandoned Vehicles,1,1,1.0
2011-8,E07000034,Flyposting,1,1,1.0
2011-8,E07000034,Pavement /Footway Defects,1,1,1.0
2011-8,E07000034,Potholes,1,1,1.0
2011-8,E07000035,Other,1,1,1.0
2011-8,E07000035,Potholes,2,2,1.0
2011-8,E07000036,Fallen/Dangerous Trees,2,2,1.0
2011-8,E07000036,Other,1,1,1.0
2011-8,E07000036,Parking,1,1,1.0
2011-8,E07000036,Potholes,1,1,1.0
2011-8,E07000036,Street Cleaning,1,1,1.0
2011-8,E07000036,Street Lights,2,2,1.0
2011-8,E07000037,Fly-tipping,1,1,1.0
2011-8,E07000037,Highway Condition,1,1,1.0
2011-8,E07000037,Other,1,1,1.0
2011-8,E07000037,Potholes,1,1,1.0
2011-8,E07000037,Street Signs,1,1,1.0
2011-8,E07000038,Fly-tipping,1,1,1.0
2011-8,E07000038,Potholes,1,1,1.0
2011-8,E07000039,Highway Condition,1,1,1.0
2011-8,E07000039,Potholes,1,1,1.0
2011-8,E07000040,Highway Condition,1,1,1.0
2011-8,E07000040,Open Spaces/Parks,1,1,1.0
2011-8,E07000040,Pavement /Footway Defects,1,1,1.0
2011-8,E07000040,Potholes,1,1,1.0
2011-8,E07000040,Street Lights,2,2,1.0
2011-8,E07000041,Graffiti,1,1,1.0
2011-8,E07000041,Potholes,1,1,1.0
2011-8,E07000041,Street Lights,2,2,1.0
2011-8,E07000043,Blocked Drains,1,1,1.0
2011-8,E07000043,Fly-tipping,1,1,1.0
2011-8,E07000043,Highway Condition,1,1,1.0
2011-8,E07000043,Other,2,2,1.0
2011-8,E07000043,Parking,1,1,1.0
2011-8,E07000043,Pavement /Footway Defects,3,3,1.0
2011-8,E07000043,Potholes,2,2,1.0
2011-8,E07000044,Potholes,2,1,2.0
2011-8,E07000044,Street Cleaning,1,1,1.0
2011-8,E07000044,Street Lights,1,1,1.0
2011-8,E07000045,Potholes,2,2,1.0
2011-8,E07000045,Street Lights,1,1,1.0
2011-8,E07000046,Blocked Drains,2,2,1.0
2011-8,E07000046,Fly-tipping,2,2,1.0
2011-8,E07000046,Highway Condition,3,3,1.0
2011-8,E07000046,Open Spaces/Parks,1,1,1.0
2011-8,E07000046,Other,2,1,2.0
2011-8,E07000046,Pavement /Footway Defects,2,2,1.0
2011-8,E07000046,Potholes,4,4,1.0
2011-8,E07000046,Rubbish,2,2,1.0
2011-8,E07000046,Street Cleaning,1,1,1.0
2011-8,E07000047,Other,1,1,1.0
2011-8,E07000047,Pavement /Footway Defects,1,1,1.0
2011-8,E07000047,Potholes,3,3,1.0
2011-8,E07000048,Highway Condition,1,1,1.0
2011-8,E07000048,Other,1,1,1.0
2011-8,E07000048,Street Lights,1,1,1.0
2011-8,E07000049,Other,2,1,2.0
2011-8,E07000049,Pavement /Footway Defects,1,1,1.0
2011-8,E07000049,Potholes,4,2,2.0
2011-8,E07000050,Highway Condition,1,1,1.0
2011-8,E07000051,Other,1,1,1.0
2011-8,E07000052,Highway Condition,2,1,2.0
2011-8,E07000052,Potholes,1,1,1.0
2011-8,E07000052,Street Lights,2,2,1.0
2011-8,E07000053,Fallen/Dangerous Trees,1,1,1.0
2011-8,E07000053,Other,1,1,1.0
2011-8,E07000061,Dog Fouling,1,1,1.0
2011-8,E07000061,Potholes,4,4,1.0
2011-8,E07000061,Public Toilets,2,1,2.0
2011-8,E07000061,Street Lights,1,1,1.0
2011-8,E07000062,Abandoned Vehicles,1,1,1.0
2011-8,E07000062,Graffiti,1,1,1.0
2011-8,E07000062,Other,1,1,1.0
2011-8,E07000062,Street Cleaning,1,1,1.0
2011-8,E07000062,Street Lights,1,1,1.0
2011-8,E07000063,Abandoned Vehicles,1,1,1.0
2011-8,E07000063,Highway Condition,2,2,1.0
2011-8,E07000063,Street Cleaning,1,1,1.0
2011-8,E07000064,Fly-tipping,1,1,1.0
2011-8,E07000064,Open Spaces/Parks,1,1,1.0
2011-8,E07000064,Parking,1,1,1.0
2011-8,E07000064,Potholes,2,2,1.0
2011-8,E07000065,Abandoned Vehicles,1,1,1.0
2011-8,E07000065,Fly-tipping,1,1,1.0
2011-8,E07000065,Highway Condition,2,2,1.0
2011-8,E07000065,Other,1,1,1.0
2011-8,E07000065,Pavement /Footway Defects,1,1,1.0
2011-8,E07000065,Potholes,3,2,1.5
2011-8,E07000065,Street Cleaning,1,1,1.0
2011-8,E07000065,Street Lights,1,1,1.0
2011-8,E07000065,Traffic Lights,1,1,1.0
2011-8,E07000066,Other,1,1,1.0
2011-8,E07000066,Pavement /Footway Defects,1,1,1.0
2011-8,E07000066,Potholes,7,6,1.1666666666666667
2011-8,E07000066,Street Lights,1,1,1.0
2011-8,E07000067,Highway Condition,1,1,1.0
2011-8,E07000067,Potholes,2,2,1.0
2011-8,E07000068,Fly-tipping,1,1,1.0
2011-8,E07000068,Potholes,3,2,1.5
2011-8,E07000068,Street Cleaning,1,1,1.0
2011-8,E07000069,Parking,1,1,1.0
2011-8,E07000069,Pavement /Footway Defects,2,2,1.0
2011-8,E07000069,Potholes,2,2,1.0
2011-8,E07000069,Street Cleaning,1,1,1.0
2011-8,E07000070,Graffiti,1,1,1.0
2011-8,E07000070,Highway Condition,1,1,1.0
2011-8,E07000070,Pavement /Footway Defects,2,2,1.0
2011-8,E07000070,Potholes,2,2,1.0
2011-8,E07000070,Street Signs,2,1,2.0
2011-8,E07000071,Dog Fouling,1,1,1.0
2011-8,E07000071,Highway Condition,2,2,1.0
2011-8,E07000071,Other,3,3,1.0
2011-8,E07000071,Pavement /Footway Defects,3,3,1.0
2011-8,E07000071,Potholes,1,1,1.0
2011-8,E07000071,Street Cleaning,1,1,1.0
2011-8,E07000072,Fallen/Dangerous Trees,1,1,1.0
2011-8,E07000072,Fly-tipping,1,1,1.0
2011-8,E07000072,Highway Condition,2,2,1.0
2011-8,E07000072,Pavement /Footway Defects,1,1,1.0
2011-8,E07000072,Potholes,2,2,1.0
2011-8,E07000073,Highway Condition,2,2,1.0
2011-8,E07000074,Street Lights,1,1,1.0
2011-8,E07000075,Highway Condition,3,3,1.0
2011-8,E07000075,Other,1,1,1.0
2011-8,E07000075,Potholes,3,3,1.0
2011-8,E07000076,Pavement /Footway Defects,3,2,1.5
2011-8,E07000076,Potholes,1,1,1.0
2011-8,E07000077,Fly-tipping,1,1,1.0
2011-8,E07000077,Highway Condition,2,2,1.0
2011-8,E07000077,Potholes,9,5,1.8
2011-8,E07000078,Fly-tipping,6,6,1.0
2011-8,E07000078,Graffiti,4,3,1.3333333333333333
2011-8,E07000078,Highway Condition,2,2,1.0
2011-8,E07000078,Other,1,1,1.0
2011-8,E07000078,Parking,2,2,1.0
2011-8,E07000078,Pavement /Footway Defects,1,1,1.0
2011-8,E07000078,Potholes,9,3,3.0
2011-8,E07000078,Street Lights,2,2,1.0
2011-8,E07000079,Graffiti,1,1,1.0
2011-8,E07000079,Pavement /Footway Defects,1,1,1.0
2011-8,E07000079,Potholes,2,1,2.0
2011-8,E07000079,Rubbish,2,1,2.0
2011-8,E07000079,Street Cleaning,4,1,4.0
2011-8,E07000079,Street Lights,1,1,1.0
2011-8,E07000080,Highway Condition,1,1,1.0
2011-8,E07000080,Pavement /Footway Defects,1,1,1.0
2011-8,E07000080,Potholes,1,1,1.0
2011-8,E07000080,Right of Way,1,1,1.0
2011-8,E07000080,Street Lights,1,1,1.0
2011-8,E07000081,Fly-tipping,1,1,1.0
2011-8,E07000081,Highway Condition,1,1,1.0
2011-8,E07000081,Other,1,1,1.0
2011-8,E07000081,Street Lights,1,1,1.0
2011-8,E07000082,Potholes,2,1,2.0
2011-8,E07000083,Highway Condition,1,1,1.0
2011-8,E07000083,Other,1,1,1.0
2011-8,E07000083,Potholes,2,2,1.0
2011-8,E07000083,Street Cleaning,1,1,1.0
2011-8,E07000083,Street Lights,1,1,1.0
2011-8,E07000084,Fallen/Dangerous Trees,1,1,1.0
2011-8,E07000084,Fly-tipping,3,3,1.0
2011-8,E07000084,Graffiti,1,1,1.0
2011-8,E07000084,Highway Condition,2,2,1.0
2011-8,E07000084,Other,4,4,1.0
2011-8,E07000084,Pavement /Footway Defects,5,4,1.25
2011-8,E07000084,Rubbish,1,1,1.0
2011-8,E07000085,Blocked Drains,1,1,1.0
2011-8,E07000085,Fallen/Dangerous Trees,1,1,1.0
2011-8,E07000085,Pavement /Footway Defects,1,1,1.0
2011-8,E07000085,Potholes,1,1,1.0
2011-8,E07000085,Traffic Lights,1,1,1.0
2011-8,E07000086,Highway Condition,2,2,1.0
2011-8,E07000086,Other,2,2,1.0
2011-8,E07000086,Pavement /Footway Defects,1,1,1.0
2011-8,E07000087,Graffiti,1,1,1.0
2011-8,E07000087,Other,1,1,1.0
2011-8,E07000087,Street Lights,2,2,1.0
2011-8,E07000087,Traffic Lights,1,1,1.0
2011-8,E07000088,Abandoned Vehicles,1,1,1.0
2011-8,E07000088,Other,1,1,1.0
2011-8,E07000088,Street Cleaning,1,1,1.0
2011-8,E07000088,Street Lights,1,1,1.0
2011-8,E07000088,Street Name Plates,1,1,1.0
2011-8,E07000089,Fly-tipping,1,1,1.0
2011-8,E07000089,Highway Condition,1,1,1.0
2011-8,E07000089,Other,1,1,1.0
2011-8,E07000089,Potholes,1,1,1.0
2011-8,E07000090,Graffiti,1,1,1.0
2011-8,E07000090,Highway Condition,2,2,1.0
2011-8,E07000090,Parking,1,1,1.0
2011-8,E07000090,Street Lights,1,1,1.0
2011-8,E07000091,Graffiti,2,2,1.0
2011-8,E07000091,Open Spaces/Parks,1,1,1.0
2011-8,E07000091,Other,2,2,1.0
2011-8,E07000091,Pavement /Footway Defects,4,2,2.0
2011-8,E07000091,Potholes,2,2,1.0
2011-8,E07000091,Street Lights,2,1,2.0
2011-8,E07000091,Street Name Plates,1,1,1.0
2011-8,E07000092,Abandoned Vehicles,2,2,1.0
2011-8,E07000092,Highway Condition,2,2,1.0
2011-8,E07000092,Pavement /Footway Defects,2,2,1.0
2011-8,E07000093,Fly-tipping,1,1,1.0
2011-8,E07000093,Other,1,1,1.0
2011-8,E07000093,Pavement /Footway Defects,1,1,1.0
2011-8,E07000093,Potholes,2,2,1.0
2011-8,E07000093,Street Signs,1,1,1.0
2011-8,E07000094,Fallen/Dangerous Trees,1,1,1.0
2011-8,E07000094,Fly-tipping,1,1,1.0
2011-8,E07000094,Highway Condition,5,4,1.25
2011-8,E07000094,Pavement /Footway Defects,2,2,1.0
2011-8,E07000094,Potholes,6,3,2.0
2011-8,E07000094,Street Name Plates,1,1,1.0
2011-8,E07000094,Street Signs,1,1,1.0
2011-8,E07000095,Other,1,1,1.0
2011-8,E07000095,Potholes,1,1,1.0
2011-8,E07000096,Abandoned Vehicles,1,1,1.0
2011-8,E07000096,Fallen/Dangerous Trees,1,1,1.0
2011-8,E07000096,Fly-tipping,1,1,1.0
2011-8,E07000096,Highway Condition,1,1,1.0
2011-8,E07000096,Other,1,1,1.0
2011-8,E07000096,Pavement /Footway Defects,2,2,1.0
2011-8,E07000096,Potholes,3,2,1.5
2011-8,E07000096,Street Lights,2,1,2.0
2011-8,E07000096,Street Signs,1,1,1.0
2011-8,E07000098,Fallen/Dangerous Trees,2,2,1.0
2011-8,E07000098,Fly-tipping,3,1,3.0
2011-8,E07000098,Highway Condition,3,2,1.5
2011-8,E07000098,Other,1,1,1.0
2011-8,E07000098,Pavement /Footway Defects,2,2,1.0
2011-8,E07000098,Potholes,2,2,1.0
2011-8,E07000098,Street Cleaning,1,1,1.0
2011-8,E07000098,Street Lights,2,2,1.0
2011-8,E07000099,Abandoned Vehicles,1,1,1.0
2011-8,E07000099,Fly-tipping,2,2,1.0
2011-8,E07000099,Open Spaces/Parks,1,1,1.0
2011-8,E07000099,Other,2,2,1.0
2011-8,E07000099,Potholes,1,1,1.0
2011-8,E07000099,Street Signs,1,1,1.0
2011-8,E07000102,Highway Condition,1,1,1.0
2011-8,E07000102,Potholes,1,1,1.0
2011-8,E07000102,Street Cleaning,1,1,1.0
2011-8,E07000102,Street Lights,1,1,1.0
2011-8,E07000103,Abandoned Vehicles,1,1,1.0
2011-8,E07000103,Fly-tipping,1,1,1.0
2011-8,E07000103,Open Spaces/Parks,1,1,1.0
2011-8,E07000103,Other,1,1,1.0
2011-8,E07000103,Pavement /Footway Defects,2,1,2.0
2011-8,E07000103,Street Lights,1,1,1.0
2011-8,E07000103,Street Name Plates,1,1,1.0
2011-8,E07000105,Abandoned Vehicles,3,3,1.0
2011-8,E07000105,Fallen/Dangerous Trees,1,1,1.0
2011-8,E07000105,Parking,1,1,1.0
2011-8,E07000105,Pavement /Footway Defects,1,1,1.0
2011-8,E07000105,Street Lights,1,1,1.0
2011-8,E07000106,Fly-tipping,2,2,1.0
2011-8,E07000106,Highway Condition,5,3,1.6666666666666667
2011-8,E07000106,Other,4,3,1.3333333333333333
2011-8,E07000106,Potholes,4,4,1.0
2011-8,E07000106,Street Lights,5,4,1.25
2011-8,E07000106,Traffic Lights,1,1,1.0
2011-8,E07000107,Abandoned Vehicles,1,1,1.0
2011-8,E07000107,Highway Condition,1,1,1.0
2011-8,E07000107,Other,1,1,1.0
2011-8,E07000107,Rubbish,1,1,1.0
2011-8,E07000107,Street Lights,1,1,1.0
2011-8,E07000110,Abandoned Vehicles,1,1,1.0
2011-8,E07000110,Potholes,1,1,1.0
2011-8,E07000110,Street Lights,2,2,1.0
2011-8,E07000111,Fallen/Dangerous Trees,1,1,1.0
2011-8,E07000111,Pavement /Footway Defects,1,1,1.0
2011-8,E07000111,Potholes,1,1,1.0
2011-8,E07000112,Fly-tipping,1,1,1.0
2011-8,E07000112,Street Lights,1,1,1.0
2011-8,E07000113,Dog Fouling,1,1,1.0
2011-8,E07000113,Other,1,1,1.0
2011-8,E07000113,Pavement /Footway Defects,2,1,2.0
2011-8,E07000113,Potholes,2,2,1.0
2011-8,E07000113,Street Lights,1,1,1.0
2011-8,E07000114,Fly-tipping,1,1,1.0
2011-8,E07000114,Highway Condition,1,1,1.0
2011-8,E07000114,Other,1,1,1.0
2011-8,E07000114,Parking,3,3,1.0
2011-8,E07000114,Potholes,1,1,1.0
2011-8,E07000114,Rubbish,3,2,1.5
2011-8,E07000114,Street Lights,1,1,1.0
2011-8,E07000114,Street Name Plates,1,1,1.0
2011-8,E07000115,Abandoned Vehicles,1,1,1.0
2011-8,E07000115,Fallen/Dangerous Trees,1,1,1.0
2011-8,E07000115,Open Spaces/Parks,1,1,1.0
2011-8,E07000115,Other,1,1,1.0
2011-8,E07000115,Pavement /Footway Defects,1,1,1.0
2011-8,E07000115,Potholes,2,2,1.0
2011-8,E07000116,Fly-tipping,2,2,1.0
2011-8,E07000116,Graffiti,1,1,1.0
2011-8,E07000117,Other,1,1,1.0
2011-8,E07000118,Highway Condition,5,3,1.6666666666666667
2011-8,E07000118,Potholes,3,3,1.0
2011-8,E07000118,Street Lights,3,3,1.0
2011-8,E07000119,Fly-tipping,2,1,2.0
2011-8,E07000119,Highway Condition,2,2,1.0
2011-8,E07000119,Other,2,2,1.0
2011-8,E07000119,Parking,1,1,1.0
2011-8,E07000119,Potholes,6,6,1.0
2011-8,E07000119,Street Lights,2,2,1.0
2011-8,E07000119,Street Signs,1,1,1.0
2011-8,E07000119,Traffic Lights,1,1,1.0
2011-8,E07000120,Potholes,2,2,1.0
2011-8,E07000121,Dog Fouling,1,1,1.0
2011-8,E07000121,Other,1,1,1.0
2011-8,E07000121,Pavement /Footway Defects,1,1,1.0
2011-8,E07000121,Potholes,4,3,1.3333333333333333
2011-8,E07000121,Rubbish,2,2,1.0
2011-8,E07000123,Fallen/Dangerous Trees,1,1,1.0
2011-8,E07000123,Fly-tipping,2,2,1.0
2011-8,E07000123,Pavement /Footway Defects,2,2,1.0
2011-8,E07000123,Potholes,4,4,1.0
2011-8,E07000123,Street Cleaning,1,1,1.0
2011-8,E07000124,Fly-tipping,2,1,2.0
2011-8,E07000125,Highway Condition,1,1,1.0
2011-8,E07000125,Potholes,1,1,1.0
2011-8,E07000126,Fly-tipping,1,1,1.0
2011-8,E07000126,Potholes,1,1,1.0
2011-8,E07000126,Street Lights,2,1,2.0
2011-8,E07000126,Street Signs,1,1,1.0
2011-8,E07000127,Fallen/Dangerous Trees,1,1,1.0
2011-8,E07000127,Highway Condition,2,1,2.0
2011-8,E07000127,Other,1,1,1.0
2011-8,E07000127,Potholes,2,2,1.0
2011-8,E07000127,Street Lights,2,2,1.0
2011-8,E07000128,Open Spaces/Parks,1,1,1.0
2011-8,E07000128,Pavement /Footway Defects,1,1,1.0
2011-8,E07000131,Open Spaces/Parks,1,1,1.0
2011-8,E07000131,Other,1,1,1.0
2011-8,E07000131,Street Lights,1,1,1.0
2011-8,E07000132,Abandoned Vehicles,1,1,1.0
2011-8,E07000132,Other,2,2,1.0
2011-8,E07000132,Potholes,3,2,1.5
2011-8,E07000133,Other,1,1,1.0
2011-8,E07000134,Street Signs,1,1,1.0
2011-8,E07000136,Potholes,1,1,1.0
2011-8,E07000137,Dog Fouling,1,1,1.0
2011-8,E07000137,Potholes,2,2,1.0
2011-8,E07000138,Fly-tipping,2,2,1.0
2011-8,E07000138,Street Cleaning,1,1,1.0
2011-8,E07000138,Street Lights,2,2,1.0
2011-8,E07000139,Highway Condition,3,3,1.0
2011-8,E07000139,Open Spaces/Parks,1,1,1.0
2011-8,E07000139,Parking,1,1,1.0
2011-8,E07000139,Potholes,1,1,1.0
2011-8,E07000140,Highway Condition,1,1,1.0
2011-8,E07000140,Potholes,1,1,1.0
2011-8,E07000141,Dog Fouling,1,1,1.0
2011-8,E07000141,Fallen/Dangerous Trees,1,1,1.0
2011-8,E07000141,Fly-tipping,1,1,1.0
2011-8,E07000141,Highway Condition,4,4,1.0
2011-8,E07000141,Other,1,1,1.0
2011-8,E07000141,Parking,2,2,1.0
2011-8,E07000141,Potholes,13,7,1.8571428571428572
2011-8,E07000141,Rubbish,4,1,4.0
2011-8,E07000141,Street Lights,4,3,1.3333333333333333
2011-8,E07000141,Street Signs,1,1,1.0
2011-8,E07000142,Highway Condition,1,1,1.0
2011-8,E07000142,Potholes,9,8,1.125
2011-8,E07000142,Rubbish,1,1,1.0
2011-8,E07000143,Fly-tipping,1,1,1.0
2011-8,E07000143,Highway Condition,1,1,1.0
2011-8,E07000143,Open Spaces/Parks,1,1,1.0
2011-8,E07000143,Pavement /Footway Defects,1,1,1.0
2011-8,E07000143,Potholes,2,2,1.0
2011-8,E07000143,Street Lights,2,2,1.0
2011-8,E07000143,Traffic Lights,1,1,1.0
2011-8,E07000144,Highway Condition,1,1,1.0
2011-8,E07000144,Overgrown Vegetation,1,1,1.0
2011-8,E07000144,Pavement /Footway Defects,1,1,1.0
2011-8,E07000144,Potholes,3,3,1.0
2011-8,E07000144,Street Lights,2,1,2.0
2011-8,E07000145,Flyposting,1,1,1.0
2011-8,E07000145,Highway Condition,1,1,1.0
2011-8,E07000145,Parking,1,1,1.0
2011-8,E07000145,Street Lights,3,3,1.0
2011-8,E07000146,Fallen/Dangerous Trees,1,1,1.0
2011-8,E07000146,Fly-tipping,2,2,1.0
2011-8,E07000146,Highway Condition,1,1,1.0
2011-8,E07000146,Other,4,3,1.3333333333333333
2011-8,E07000146,Potholes,2,2,1.0
2011-8,E07000146,Street Lights,3,3,1.0
2011-8,E07000147,Fly-tipping,1,1,1.0
2011-8,E07000147,Other,2,2,1.0
2011-8,E07000147,Rubbish,1,1,1.0
2011-8,E07000147,Street Lights,1,1,1.0
2011-8,E07000148,Fly-tipping,2,1,2.0
2011-8,E07000148,Street Signs,1,1,1.0
2011-8,E07000149,Graffiti,1,1,1.0
2011-8,E07000149,Highway Condition,1,1,1.0
2011-8,E07000149,Potholes,8,4,2.0
2011-8,E07000150,Abandoned Vehicles,1,1,1.0
2011-8,E07000150,Fly-tipping,1,1,1.0
2011-8,E07000151,Other,1,1,1.0
2011-8,E07000151,Parking,1,1,1.0
2011-8,E07000151,Street Lights,1,1,1.0
2011-8,E07000152,Dog Fouling,1,1,1.0
2011-8,E07000152,Pavement /Footway Defects,1,1,1.0
2011-8,E07000152,Street Lights,4,4,1.0
2011-8,E07000153,Dog Fouling,1,1,1.0
2011-8,E07000153,Fly-tipping,1,1,1.0
2011-8,E07000153,Potholes,2,2,1.0
2011-8,E07000153,Street Cleaning,1,1,1.0
2011-8,E07000153,Street Lights,1,1,1.0
2011-8,E07000154,Dog Fouling,1,1,1.0
2011-8,E07000154,Fallen/Dangerous Trees,1,1,1.0
2011-8,E07000154,Fly-tipping,2,2,1.0
2011-8,E07000154,Graffiti,1,1,1.0
2011-8,E07000154,Highway Condition,2,1,2.0
2011-8,E07000154,Open Spaces/Parks,2,2,1.0
2011-8,E07000154,Other,3,3,1.0
2011-8,E07000154,Parking,2,2,1.0
2011-8,E07000154,Pavement /Footway Defects,1,1,1.0
2011-8,E07000154,Potholes,1,1,1.0
2011-8,E07000154,Street Lights,3,3,1.0
2011-8,E07000155,Abandoned Vehicles,1,1,1.0
2011-8,E07000155,Fly-tipping,1,1,1.0
2011-8,E07000155,Potholes,2,1,2.0
2011-8,E07000155,Street Lights,1,1,1.0
2011-8,E07000156,Other,1,1,1.0
2011-8,E07000156,Potholes,1,1,1.0
2011-8,E07000163,Pavement /Footway Defects,1,1,1.0
2011-8,E07000163,Potholes,1,1,1.0
2011-8,E07000164,Potholes,1,1,1.0
2011-8,E07000164,Street Signs,1,1,1.0
2011-8,E07000165,Fallen/Dangerous Trees,1,1,1.0
2011-8,E07000165,Highway Condition,1,1,1.0
2011-8,E07000165,Potholes,4,4,1.0
2011-8,E07000165,Street Lights,1,1,1.0
2011-8,E07000165,Traffic Lights,1,1,1.0
2011-8,E07000166,Other,2,1,2.0
2011-8,E07000166,Parking,1,1,1.0
2011-8,E07000166,Potholes,1,1,1.0
2011-8,E07000167,Potholes,2,2,1.0
2011-8,E07000168,Fly-tipping,1,1,1.0
2011-8,E07000168,Potholes,3,3,1.0
2011-8,E07000168,Street Cleaning,1,1,1.0
2011-8,E07000168,Street Lights,1,1,1.0
2011-8,E07000169,Fly-tipping,1,1,1.0
2011-8,E07000169,Potholes,1,1,1.0
2011-8,E07000171,Fallen/Dangerous Trees,2,1,2.0
2011-8,E07000172,Other,1,1,1.0
2011-8,E07000173,Bus Stops Damage,1,1,1.0
2011-8,E07000173,Fallen/Dangerous Trees,4,3,1.3333333333333333
2011-8,E07000173,Fly-tipping,4,4,1.0
2011-8,E07000173,Highway Condition,1,1,1.0
2011-8,E07000173,Other,7,7,1.0
2011-8,E07000173,Pavement /Footway Defects,2,2,1.0
2011-8,E07000173,Potholes,2,2,1.0
2011-8,E07000173,Street Lights,9,9,1.0
2011-8,E07000173,Street Name Plates,2,2,1.0
2011-8,E07000174,Other,1,1,1.0
2011-8,E07000174,Pavement /Footway Defects,1,1,1.0
2011-8,E07000174,Street Cleaning,1,1,1.0
2011-8,E07000175,Street Lights,1,1,1.0
2011-8,E07000176,Highway Condition,1,1,1.0
2011-8,E07000176,Potholes,1,1,1.0
2011-8,E07000176,Street Lights,1,1,1.0
2011-8,E07000177,Abandoned Vehicles,1,1,1.0
2011-8,E07000177,Graffiti,2,1,2.0
2011-8,E07000177,Highway Condition,1,1,1.0
2011-8,E07000177,Pavement /Footway Defects,1,1,1.0
2011-8,E07000178,Fly-tipping,1,1,1.0
2011-8,E07000178,Graffiti,3,2,1.5
2011-8,E07000178,Highway Condition,1,1,1.0
2011-8,E07000178,Other,1,1,1.0
2011-8,E07000178,Pavement /Footway Defects,1,1,1.0
2011-8,E07000178,Potholes,1,1,1.0
2011-8,E07000178,Street Signs,1,1,1.0
2011-8,E07000179,,1,1,1.0
2011-8,E07000179,Abandoned Vehicles,2,2,1.0
2011-8,E07000179,Fallen/Dangerous Trees,4,3,1.3333333333333333
2011-8,E07000179,Fly-tipping,3,3,1.0
2011-8,E07000179,Graffiti,1,1,1.0
2011-8,E07000179,Highway Condition,5,4,1.25
2011-8,E07000179,Other,2,2,1.0
2011-8,E07000179,Pavement /Footway Defects,3,2,1.5
2011-8,E07000179,Potholes,8,5,1.6
2011-8,E07000179,Street Lights,1,1,1.0
2011-8,E07000180,Abandoned Vehicles,1,1,1.0
2011-8,E07000180,Highway Condition,1,1,1.0
2011-8,E07000180,Open Spaces/Parks,1,1,1.0
2011-8,E07000180,Other,1,1,1.0
2011-8,E07000180,Potholes,2,2,1.0
2011-8,E07000180,Street Lights,1,1,1.0
2011-8,E07000180,Street Name Plates,1,1,1.0
2011-8,E07000181,Potholes,2,2,1.0
2011-8,E07000181,Street Lights,1,1,1.0
2011-8,E07000181,Street Signs,1,1,1.0
2011-8,E07000187,Highway Condition,1,1,1.0
2011-8,E07000187,Street Signs,1,1,1.0
2011-8,E07000188,Potholes,1,1,1.0
2011-8,E07000188,Street Lights,1,1,1.0
2011-8,E07000189,Highway Condition,3,2,1.5
2011-8,E07000189,Potholes,2,2,1.0
2011-8,E07000189,Street Lights,1,1,1.0
2011-8,E07000190,Dog Fouling,2,1,2.0
2011-8,E07000190,Fly-tipping,1,1,1.0
2011-8,E07000191,Potholes,1,1,1.0
2011-8,E07000192,Fly-tipping,1,1,1.0
2011-8,E07000192,Other,1,1,1.0
2011-8,E07000193,Fallen/Dangerous Trees,1,1,1.0
2011-8,E07000193,Other,1,1,1.0
2011-8,E07000193,Pavement /Footway Defects,2,2,1.0
2011-8,E07000193,Rubbish,1,1,1.0
2011-8,E07000193,Street Cleaning,1,1,1.0
2011-8,E07000194,Graffiti,1,1,1.0
2011-8,E07000194,Other,2,1,2.0
2011-8,E07000194,Street Cleaning,1,1,1.0
2011-8,E07000195,Highway Condition,2,2,1.0
2011-8,E07000195,Other,1,1,1.0
2011-8,E07000195,Parking,1,1,1.0
2011-8,E07000195,Pavement /Footway Defects,1,1,1.0
2011-8,E07000195,Rubbish,1,1,1.0
2011-8,E07000196,Graffiti,1,1,1.0
2011-8,E07000196,Open Spaces/Parks,1,1,1.0
2011-8,E07000196,Potholes,4,2,2.0
2011-8,E07000197,Fly-tipping,2,2,1.0
2011-8,E07000197,Graffiti,1,1,1.0
2011-8,E07000197,Highway Condition,1,1,1.0
2011-8,E07000197,Potholes,1,1,1.0
2011-8,E07000197,Traffic Lights,1,1,1.0
2011-8,E07000198,Other,3,1,3.0
2011-8,E07000198,Pavement /Footway Defects,1,1,1.0
2011-8,E07000198,Street Lights,1,1,1.0
2011-8,E07000199,Dog Fouling,1,1,1.0
2011-8,E07000200,Potholes,2,2,1.0
2011-8,E07000201,Street Lights,1,1,1.0
2011-8,E07000202,Dog Fouling,2,1,2.0
2011-8,E07000202,Fly-tipping,1,1,1.0
2011-8,E07000202,Highway Condition,3,3,1.0
2011-8,E07000202,Open Spaces/Parks,2,1,2.0
2011-8,E07000202,Other,4,3,1.3333333333333333
2011-8,E07000202,Pavement /Footway Defects,8,4,2.0
2011-8,E07000202,Potholes,7,4,1.75
2011-8,E07000202,Rubbish,1,1,1.0
2011-8,E07000202,Street Lights,7,2,3.5
2011-8,E07000203,Highway Condition,1,1,1.0
2011-8,E07000203,Potholes,1,1,1.0
2011-8,E07000204,Highway Condition,1,1,1.0
2011-8,E07000204,Other,1,1,1.0
2011-8,E07000204,Pavement /Footway Defects,1,1,1.0
2011-8,E07000204,Potholes,1,1,1.0
2011-8,E07000204,Street Lights,1,1,1.0
2011-8,E07000205,Other,2,1,2.0
2011-8,E07000205,Potholes,1,1,1.0
2011-8,E07000206,Highway Condition,1,1,1.0
2011-8,E07000207,Fly-tipping,1,1,1.0
2011-8,E07000207,Highway Condition,3,3,1.0
2011-8,E07000207,Pavement /Footway Defects,1,1,1.0
2011-8,E07000207,Potholes,2,2,1.0
2011-8,E07000207,Street Lights,2,1,2.0
2011-8,E07000208,Other,1,1,1.0
2011-8,E07000208,Pavement /Footway Defects,1,1,1.0
2011-8,E07000208,Potholes,7,5,1.4
2011-8,E07000209,Abandoned Vehicles,2,1,2.0
2011-8,E07000209,Fallen/Dangerous Trees,3,3,1.0
2011-8,E07000209,Flyposting,1,1,1.0
2011-8,E07000209,Highway Condition,15,9,1.6666666666666667
2011-8,E07000209,Other,3,3,1.0
2011-8,E07000209,Pavement /Footway Defects,3,3,1.0
2011-8,E07000209,Potholes,8,6,1.3333333333333333
2011-8,E07000209,Rubbish,1,1,1.0
2011-8,E07000209,Street Cleaning,1,1,1.0
2011-8,E07000209,Street Signs,1,1,1.0
2011-8,E07000209,Traffic Lights,1,1,1.0
2011-8,E07000210,Fallen/Dangerous Trees,1,1,1.0
2011-8,E07000210,Graffiti,1,1,1.0
2011-8,E07000210,Highway Condition,17,6,2.8333333333333335
2011-8,E07000210,Open Spaces/Parks,1,1,1.0
2011-8,E07000210,Other,2,2,1.0
2011-8,E07000210,Pavement /Footway Defects,3,3,1.0
2011-8,E07000210,Potholes,3,2,1.5
2011-8,E07000210,Rubbish,2,2,1.0
2011-8,E07000210,Street Cleaning,2,1,2.0
2011-8,E07000210,Street Lights,1,1,1.0
2011-8,E07000210,Street Signs,1,1,1.0
2011-8,E07000211,Fly-tipping,1,1,1.0
2011-8,E07000211,Flyposting,1,1,1.0
2011-8,E07000211,Highway Condition,3,3,1.0
2011-8,E07000211,Pavement /Footway Defects,2,2,1.0
2011-8,E07000211,Potholes,18,11,1.6363636363636365
2011-8,E07000211,Street Lights,2,2,1.0
2011-8,E07000212,Fallen/Dangerous Trees,1,1,1.0
2011-8,E07000212,Open Spaces/Parks,1,1,1.0
2011-8,E07000212,Other,1,1,1.0
2011-8,E07000212,Street Lights,1,1,1.0
2011-8,E07000213,Highway Condition,2,2,1.0
2011-8,E07000213,Parking,1,1,1.0
2011-8,E07000213,Potholes,3,1,3.0
2011-8,E07000213,Street Lights,2,2,1.0
2011-8,E07000213,Traffic Lights,1,1,1.0
2011-8,E07000214,Abandoned Vehicles,1,1,1.0
2011-8,E07000214,Highway Condition,3,3,1.0
2011-8,E07000214,Open Spaces/Parks,3,1,3.0
2011-8,E07000214,Other,1,1,1.0
2011-8,E07000214,Pavement /Footway Defects,1,1,1.0
2011-8,E07000214,Potholes,1,1,1.0
2011-8,E07000214,Street Signs,1,1,1.0
2011-8,E07000215,Fly-tipping,2,2,1.0
2011-8,E07000215,Highway Condition,4,3,1.3333333333333333
2011-8,E07000215,Other,1,1,1.0
2011-8,E07000215,Parking,1,1,1.0
2011-8,E07000215,Potholes,6,6,1.0
2011-8,E07000215,Rubbish,1,1,1.0
2011-8,E07000215,Street Lights,2,1,2.0
2011-8,E07000216,Abandoned Vehicles,1,1,1.0
2011-8,E07000216,Dog Fouling,1,1,1.0
2011-8,E07000216,Highway Condition,3,3,1.0
2011-8,E07000216,Open Spaces/Parks,1,1,1.0
2011-8,E07000216,Potholes,2,2,1.0
2011-8,E07000216,Street Lights,2,2,1.0
2011-8,E07000216,Street Signs,1,1,1.0
2011-8,E07000216,Traffic Lights,1,1,1.0
2011-8,E07000217,Highway Condition,3,2,1.5
2011-8,E07000217,Open Spaces/Parks,1,1,1.0
2011-8,E07000217,Pavement /Footway Defects,1,1,1.0
2011-8,E07000217,Potholes,3,3,1.0
2011-8,E07000217,Street Signs,1,1,1.0
2011-8,E07000218,Fly-tipping,2,1,2.0
2011-8,E07000219,Parking,1,1,1.0
2011-8,E07000219,Potholes,1,1,1.0
2011-8,E07000219,Street Lights,1,1,1.0
2011-8,E07000220,Fly-tipping,1,1,1.0
2011-8,E07000220,Open Spaces/Parks,1,1,1.0
2011-8,E07000221,Highway Condition,2,1,2.0
2011-8,E07000221,Rubbish,1,1,1.0
2011-8,E07000221,Street Cleaning,1,1,1.0
2011-8,E07000222,Open Spaces/Parks,1,1,1.0
2011-8,E07000222,Street Lights,1,1,1.0
2011-8,E07000222,Street Signs,1,1,1.0
2011-8,E07000223,Other,1,1,1.0
2011-8,E07000223,Pavement /Footway Defects,1,1,1.0
2011-8,E07000223,Potholes,1,1,1.0
2011-8,E07000224,Dog Fouling,1,1,1.0
2011-8,E07000224,Highway Condition,1,1,1.0
2011-8,E07000224,Pavement /Footway Defects,2,2,1.0
2011-8,E07000224,Potholes,1,1,1.0
2011-8,E07000224,Street Lights,1,1,1.0
2011-8,E07000225,Other,1,1,1.0
2011-8,E07000225,Potholes,3,3,1.0
2011-8,E07000226,Abandoned Vehicles,1,1,1.0
2011-8,E07000226,Other,1,1,1.0
2011-8,E07000226,Potholes,2,2,1.0
2011-8,E07000227,Fly-tipping,1,1,1.0
2011-8,E07000227,Highway Condition,2,1,2.0
2011-8,E07000227,Other,3,2,1.5
2011-8,E07000227,Potholes,1,1,1.0
2011-8,E07000227,Street Cleaning,2,1,2.0
2011-8,E07000227,Street Lights,1,1,1.0
2011-8,E07000228,Fly-tipping,3,2,1.5
2011-8,E07000228,Highway Condition,3,3,1.0
2011-8,E07000228,Parking,1,1,1.0
2011-8,E07000228,Potholes,1,1,1.0
2011-8,E07000229,Abandoned Vehicles,1,1,1.0
2011-8,E07000229,Highway Condition,1,1,1.0
2011-8,E07000229,Potholes,2,2,1.0
2011-8,E07000229,Street Lights,1,1,1.0
2011-8,E07000234,Fly-tipping,1,1,1.0
2011-8,E07000234,Graffiti,1,1,1.0
2011-8,E07000234,Highway Condition,1,1,1.0
2011-8,E07000234,Other,1,1,1.0
2011-8,E07000234,Potholes,1,1,1.0
2011-8,E07000234,Street Cleaning,1,1,1.0
2011-8,E07000235,Highway Condition,2,1,2.0
2011-8,E07000235,Street Signs,1,1,1.0
2011-8,E07000236,Abandoned Vehicles,1,1,1.0
2011-8,E07000236,Fly-tipping,3,3,1.0
2011-8,E07000236,Graffiti,2,1,2.0
2011-8,E07000236,Other,3,2,1.5
2011-8,E07000236,Pavement /Footway Defects,1,1,1.0
2011-8,E07000236,Potholes,1,1,1.0
2011-8,E07000236,Street Cleaning,1,1,1.0
2011-8,E07000236,Street Lights,6,3,2.0
2011-8,E07000236,Street Name Plates,1,1,1.0
2011-8,E07000236,Street Signs,1,1,1.0
2011-8,E07000237,Pavement /Footway Defects,1,1,1.0
2011-8,E07000237,Street Lights,1,1,1.0
2011-8,E07000237,Traffic Lights,1,1,1.0
2011-8,E07000238,Fly-tipping,1,1,1.0
2011-8,E07000238,Potholes,1,1,1.0
2011-8,E07000239,Flyposting,6,1,6.0
2011-8,E07000239,Highway Condition,3,3,1.0
2011-8,E07000239,Other,1,1,1.0
2011-8,E07000239,Pavement /Footway Defects,3,2,1.5
2011-8,E07000239,Potholes,1,1,1.0
2011-8,E07000239,Street Cleaning,1,1,1.0
2011-8,E07000240,Abandoned Vehicles,1,1,1.0
2011-8,E07000240,Fallen/Dangerous Trees,1,1,1.0
2011-8,E07000240,Fly-tipping,1,1,1.0
2011-8,E07000240,Graffiti,1,1,1.0
2011-8,E07000240,Highway Condition,1,1,1.0
2011-8,E07000240,Other,1,1,1.0
2011-8,E07000240,Pavement /Footway Defects,2,2,1.0
2011-8,E07000240,Potholes,3,3,1.0
2011-8,E07000240,Rubbish,1,1,1.0
2011-8,E07000241,Fly-tipping,2,2,1.0
2011-8,E07000241,Graffiti,1,1,1.0
2011-8,E07000241,Other,1,1,1.0
2011-8,E07000241,Pavement /Footway Defects,1,1,1.0
2011-8,E07000241,Potholes,1,1,1.0
2011-8,E07000241,Rubbish,1,1,1.0
2011-8,E07000241,Street Lights,5,5,1.0
2011-8,E07000242,Abandoned Vehicles,1,1,1.0
2011-8,E07000242,Fallen/Dangerous Trees,1,1,1.0
2011-8,E07000242,Fly-tipping,2,2,1.0
2011-8,E07000242,Flyposting,1,1,1.0
2011-8,E07000242,Highway Condition,2,1,2.0
2011-8,E07000242,Other,1,1,1.0
2011-8,E07000242,Pavement /Footway Defects,1,1,1.0
2011-8,E07000242,Potholes,2,2,1.0
2011-8,E07000243,Abandoned Vehicles,2,1,2.0
2011-8,E07000243,Highway Condition,1,1,1.0
2011-8,E07000243,Other,1,1,1.0
2011-8,E07000243,Potholes,1,1,1.0
2011-8,E07000243,Street Lights,2,2,1.0
2011-8,E08000001,Abandoned Vehicles,1,1,1.0
2011-8,E08000001,Fallen/Dangerous Trees,1,1,1.0
2011-8,E08000001,Fly-tipping,1,1,1.0
2011-8,E08000001,Highway Condition,1,1,1.0
2011-8,E08000001,Parking,1,1,1.0
2011-8,E08000001,Potholes,6,6,1.0
2011-8,E08000001,Rubbish,2,2,1.0
2011-8,E08000002,Dog Fouling,1,1,1.0
2011-8,E08000002,Highway Condition,2,2,1.0
2011-8,E08000002,Other,1,1,1.0
2011-8,E08000002,Pavement /Footway Defects,1,1,1.0
2011-8,E08000002,Potholes,1,1,1.0
2011-8,E08000002,Street Lights,1,1,1.0
2011-8,E08000003,Dog Fouling,1,1,1.0
2011-8,E08000003,Fly-tipping,2,2,1.0
2011-8,E08000003,Graffiti,1,1,1.0
2011-8,E08000003,Highway Condition,11,3,3.6666666666666665
2011-8,E08000003,Other,5,5,1.0
2011-8,E08000003,Parking,2,2,1.0
2011-8,E08000003,Pavement /Footway Defects,2,2,1.0
2011-8,E08000003,Potholes,3,3,1.0
2011-8,E08000003,Rubbish,3,2,1.5
2011-8,E08000003,Street Cleaning,1,1,1.0
2011-8,E08000003,Street Signs,5,2,2.5
2011-8,E08000003,Traffic Lights,2,2,1.0
2011-8,E08000004,Fly-tipping,2,1,2.0
2011-8,E08000004,Highway Condition,7,2,3.5
2011-8,E08000004,Open Spaces/Parks,1,1,1.0
2011-8,E08000004,Pavement /Footway Defects,1,1,1.0
2011-8,E08000004,Potholes,5,4,1.25
2011-8,E08000004,Street Cleaning,1,1,1.0
2011-8,E08000004,Street Lights,3,3,1.0
2011-8,E08000005,Graffiti,2,1,2.0
2011-8,E08000005,Other,4,4,1.0
2011-8,E08000005,Rubbish,1,1,1.0
2011-8,E08000006,Fly-tipping,3,3,1.0
2011-8,E08000006,Highway Condition,6,3,2.0
2011-8,E08000006,Open Spaces/Parks,1,1,1.0
2011-8,E08000006,Parking,1,1,1.0
2011-8,E08000006,Pavement /Footway Defects,2,2,1.0
2011-8,E08000006,Potholes,1,1,1.0
2011-8,E08000006,Rubbish,3,3,1.0
2011-8,E08000006,Street Cleaning,2,2,1.0
2011-8,E08000007,Dog Fouling,1,1,1.0
2011-8,E08000007,Graffiti,1,1,1.0
2011-8,E08000007,Highway Condition,4,4,1.0
2011-8,E08000007,Pavement /Footway Defects,3,3,1.0
2011-8,E08000007,Potholes,4,3,1.3333333333333333
2011-8,E08000007,Rubbish,1,1,1.0
2011-8,E08000007,Street Lights,5,5,1.0
2011-8,E08000008,Fly-tipping,2,2,1.0
2011-8,E08000008,Highway Condition,1,1,1.0
2011-8,E08000008,Other,1,1,1.0
2011-8,E08000008,Pavement /Footway Defects,1,1,1.0
2011-8,E08000008,Potholes,1,1,1.0
2011-8,E08000008,Street Cleaning,1,1,1.0
2011-8,E08000008,Street Lights,1,1,1.0
2011-8,E08000009,Fly-tipping,1,1,1.0
2011-8,E08000009,Graffiti,2,2,1.0
2011-8,E08000009,Highway Condition,3,3,1.0
2011-8,E08000009,Other,1,1,1.0
2011-8,E08000009,Pavement /Footway Defects,2,2,1.0
2011-8,E08000009,Potholes,2,2,1.0
2011-8,E08000009,Rubbish,1,1,1.0
2011-8,E08000009,Street Lights,2,2,1.0
2011-8,E08000009,Street Signs,1,1,1.0
2011-8,E08000010,Fly-tipping,1,1,1.0
2011-8,E08000010,Other,3,3,1.0
2011-8,E08000010,Pavement /Footway Defects,1,1,1.0
2011-8,E08000010,Street Lights,1,1,1.0
2011-8,E08000011,Fly-tipping,1,1,1.0
2011-8,E08000011,Graffiti,1,1,1.0
2011-8,E08000011,Highway Condition,1,1,1.0
2011-8,E08000011,Other,1,1,1.0
2011-8,E08000011,Potholes,4,3,1.3333333333333333
2011-8,E08000011,Street Lights,4,4,1.0
2011-8,E08000012,Open Spaces/Parks,1,1,1.0
2011-8,E08000012,Other,9,8,1.125
2011-8,E08000012,Parking,2,2,1.0
2011-8,E08000012,Potholes,2,2,1.0
2011-8,E08000012,Rubbish,1,1,1.0
2011-8,E08000012,Street Lights,4,4,1.0
2011-8,E08000014,Fly-tipping,1,1,1.0
2011-8,E08000014,Highway Condition,2,2,1.0
2011-8,E08000014,Other,1,1,1.0
2011-8,E08000014,Potholes,2,2,1.0
2011-8,E08000014,Street Lights,1,1,1.0
2011-8,E08000015,Fly-tipping,2,2,1.0
2011-8,E08000015,Graffiti,1,1,1.0
2011-8,E08000015,Highway Condition,4,2,2.0
2011-8,E08000015,Other,3,3,1.0
2011-8,E08000015,Parking,2,2,1.0
2011-8,E08000015,Pavement /Footway Defects,3,2,1.5
2011-8,E08000015,Potholes,2,1,2.0
2011-8,E08000015,Rubbish,1,1,1.0
2011-8,E08000015,Street Cleaning,1,1,1.0
2011-8,E08000015,Street Lights,1,1,1.0
2011-8,E08000015,Street Signs,1,1,1.0
2011-8,E08000016,Dog Fouling,1,1,1.0
2011-8,E08000016,Fallen/Dangerous Trees,1,1,1.0
2011-8,E08000016,Fly-tipping,6,4,1.5
2011-8,E08000016,Highway Condition,1,1,1.0
2011-8,E08000016,Other,1,1,1.0
2011-8,E08000016,Street Cleaning,2,2,1.0
2011-8,E08000016,Street Lights,1,1,1.0
2011-8,E08000017,Fly-tipping,3,3,1.0
2011-8,E08000017,Highway Condition,4,2,2.0
2011-8,E08000017,Other,8,8,1.0
2011-8,E08000017,Pavement /Footway Defects,1,1,1.0
2011-8,E08000017,Potholes,3,3,1.0
2011-8,E08000017,Rubbish,1,1,1.0
2011-8,E08000017,Street Cleaning,1,1,1.0
2011-8,E08000017,Street Lights,3,3,1.0
2011-8,E08000018,Dog Fouling,1,1,1.0
2011-8,E08000018,Fallen/Dangerous Trees,1,1,1.0
2011-8,E08000018,Highway Condition,1,1,1.0
2011-8,E08000018,Other,6,5,1.2
2011-8,E08000018,Parking,1,1,1.0
2011-8,E08000018,Potholes,1,1,1.0
2011-8,E08000018,Street Lights,4,2,2.0
2011-8,E08000018,Traffic Lights,1,1,1.0
2011-8,E08000019,Fallen/Dangerous Trees,4,4,1.0
2011-8,E08000019,Fly-tipping,6,5,1.2
2011-8,E08000019,Graffiti,3,2,1.5
2011-8,E08000019,Highway Condition,5,5,1.0
2011-8,E08000019,Other,5,5,1.0
2011-8,E08000019,Parking,2,2,1.0
2011-8,E08000019,Pavement /Footway Defects,10,10,1.0
2011-8,E08000019,Potholes,9,7,1.2857142857142858
2011-8,E08000019,Rubbish,3,2,1.5
2011-8,E08000019,Street Cleaning,4,4,1.0
2011-8,E08000019,Street Lights,16,16,1.0
2011-8,E08000019,Street Name Plates,2,2,1.0
2011-8,E08000019,Street Signs,3,3,1.0
2011-8,E08000019,Traffic Lights,1,1,1.0
2011-8,E08000021,Fly-tipping,5,4,1.25
2011-8,E08000021,Highway Condition,3,3,1.0
2011-8,E08000021,Open Spaces/Parks,1,1,1.0
2011-8,E08000021,Other,2,2,1.0
2011-8,E08000021,Parking,2,1,2.0
2011-8,E08000021,Pavement /Footway Defects,4,4,1.0
2011-8,E08000021,Rubbish,1,1,1.0
2011-8,E08000021,Street Cleaning,1,1,1.0
2011-8,E08000021,Street Lights,2,2,1.0
2011-8,E08000022,Highway Condition,2,2,1.0
2011-8,E08000022,Open Spaces/Parks,1,1,1.0
2011-8,E08000022,Other,2,2,1.0
2011-8,E08000022,Potholes,4,4,1.0
2011-8,E08000022,Street Cleaning,2,2,1.0
2011-8,E08000022,Street Lights,1,1,1.0
2011-8,E08000023,Abandoned Vehicles,1,1,1.0
2011-8,E08000023,Other,1,1,1.0
2011-8,E08000023,Pavement /Footway Defects,1,1,1.0
2011-8,E08000024,Fallen/Dangerous Trees,1,1,1.0
2011-8,E08000024,Fly-tipping,1,1,1.0
2011-8,E08000024,Other,2,2,1.0
2011-8,E08000024,Potholes,1,1,1.0
2011-8,E08000024,Street Lights,1,1,1.0
2011-8,E08000025,Abandoned Vehicles,3,2,1.5
2011-8,E08000025,Dog Fouling,3,3,1.0
2011-8,E08000025,Fallen/Dangerous Trees,2,2,1.0
2011-8,E08000025,Fly-tipping,12,9,1.3333333333333333
2011-8,E08000025,Graffiti,5,4,1.25
2011-8,E08000025,Highway Condition,14,11,1.2727272727272727
2011-8,E08000025,Open Spaces/Parks,2,2,1.0
2011-8,E08000025,Other,7,7,1.0
2011-8,E08000025,Parking,4,4,1.0
2011-8,E08000025,Pavement /Footway Defects,13,11,1.1818181818181819
2011-8,E08000025,Potholes,3,3,1.0
2011-8,E08000025,Rubbish,7,6,1.1666666666666667
2011-8,E08000025,Street Cleaning,11,6,1.8333333333333333
2011-8,E08000025,Street Lights,6,6,1.0
2011-8,E08000025,Street Name Plates,2,2,1.0
2011-8,E08000025,Street Signs,5,4,1.25
2011-8,E08000025,Traffic Lights,3,3,1.0
2011-8,E08000026,Dog Fouling,2,2,1.0
2011-8,E08000026,Flyposting,1,1,1.0
2011-8,E08000026,Highway Condition,2,2,1.0
2011-8,E08000026,Other,1,1,1.0
2011-8,E08000026,Potholes,2,2,1.0
2011-8,E08000026,Street Lights,2,2,1.0
2011-8,E08000027,Dog Fouling,1,1,1.0
2011-8,E08000027,Fly-tipping,5,2,2.5
2011-8,E08000027,Highway Condition,1,1,1.0
2011-8,E08000027,Other,6,5,1.2
2011-8,E08000027,Parking,2,2,1.0
2011-8,E08000027,Pavement /Footway Defects,2,2,1.0
2011-8,E08000027,Potholes,1,1,1.0
2011-8,E08000027,Street Signs,1,1,1.0
2011-8,E08000027,Traffic Lights,4,1,4.0
2011-8,E08000028,Fly-tipping,1,1,1.0
2011-8,E08000028,Highway Condition,4,3,1.3333333333333333
2011-8,E08000028,Other,4,4,1.0
2011-8,E08000028,Parking,1,1,1.0
2011-8,E08000028,Pavement /Footway Defects,1,1,1.0
2011-8,E08000028,Potholes,2,2,1.0
2011-8,E08000028,Rubbish,1,1,1.0
2011-8,E08000028,Street Cleaning,1,1,1.0
2011-8,E08000028,Street Lights,2,2,1.0
2011-8,E08000029,Fly-tipping,2,2,1.0
2011-8,E08000029,Highway Condition,2,2,1.0
2011-8,E08000029,Street Cleaning,1,1,1.0
2011-8,E08000030,,1,1,1.0
2011-8,E08000030,Graffiti,2,2,1.0
2011-8,E08000030,Highway Condition,5,4,1.25
2011-8,E08000030,Other,4,3,1.3333333333333333
2011-8,E08000030,Parking,1,1,1.0
2011-8,E08000030,Pavement /Footway Defects,2,2,1.0
2011-8,E08000030,Potholes,10,5,2.0
2011-8,E08000030,Rubbish,1,1,1.0
2011-8,E08000031,Dog Fouling,1,1,1.0
2011-8,E08000031,Fallen/Dangerous Trees,1,1,1.0
2011-8,E08000031,Fly-tipping,14,2,7.0
2011-8,E08000031,Flyposting,12,1,12.0
2011-8,E08000031,Graffiti,16,1,16.0
2011-8,E08000031,Highway Condition,14,3,4.666666666666667
2011-8,E08000031,Other,7,2,3.5
2011-8,E08000031,Pavement /Footway Defects,1,1,1.0
2011-8,E08000031,Potholes,2,2,1.0
2011-8,E08000031,Street Cleaning,5,1,5.0
2011-8,E08000031,Street Lights,8,1,8.0
2011-8,E08000031,Street Name Plates,2,1,2.0
2011-8,E08000031,Street Signs,10,1,10.0
2011-8,E08000032,Abandoned Vehicles,2,2,1.0
2011-8,E08000032,Fallen/Dangerous Trees,1,1,1.0
2011-8,E08000032,Fly-tipping,3,3,1.0
2011-8,E08000032,Highway Condition,1,1,1.0
2011-8,E08000032,Pavement /Footway Defects,2,2,1.0
2011-8,E08000032,Potholes,3,3,1.0
2011-8,E08000032,Street Lights,4,4,1.0
2011-8,E08000032,Street Name Plates,1,1,1.0
2011-8,E08000032,Street Signs,1,1,1.0
2011-8,E08000033,Highway Condition,1,1,1.0
2011-8,E08000033,Pavement /Footway Defects,1,1,1.0
2011-8,E08000033,Potholes,1,1,1.0
2011-8,E08000033,Street Lights,1,1,1.0
2011-8,E08000034,Graffiti,2,2,1.0
2011-8,E08000034,Open Spaces/Parks,1,1,1.0
2011-8,E08000034,Other,1,1,1.0
2011-8,E08000034,Pavement /Footway Defects,2,2,1.0
2011-8,E08000034,Potholes,3,3,1.0
2011-8,E08000034,Street Cleaning,1,1,1.0
2011-8,E08000034,Street Lights,4,3,1.3333333333333333
2011-8,E08000034,Street Signs,1,1,1.0
2011-8,E08000035,Dog Fouling,2,2,1.0
2011-8,E08000035,Fallen/Dangerous Trees,1,1,1.0
2011-8,E08000035,Fly-tipping,3,3,1.0
2011-8,E08000035,Highway Condition,7,5,1.4
2011-8,E08000035,Other,6,6,1.0
2011-8,E08000035,Parking,2,2,1.0
2011-8,E08000035,Pavement /Footway Defects,3,2,1.5
2011-8,E08000035,Potholes,21,14,1.5
2011-8,E08000035,Rubbish,3,3,1.0
2011-8,E08000035,Street Cleaning,3,2,1.5
2011-8,E08000035,Street Lights,3,3,1.0
2011-8,E08000035,Street Name Plates,3,3,1.0
2011-8,E08000035,Street Signs,2,2,1.0
2011-8,E08000035,Traffic Lights,1,1,1.0
2011-8,E08000036,Dog Fouling,1,1,1.0
2011-8,E08000036,Fly-tipping,1,1,1.0
2011-8,E08000036,Highway Condition,1,1,1.0
2011-8,E08000036,Other,3,3,1.0
2011-8,E08000036,Parking,1,1,1.0
2011-8,E08000036,Potholes,4,2,2.0
2011-8,E08000036,Street Cleaning,1,1,1.0
2011-8,E08000037,Abandoned Vehicles,1,1,1.0
2011-8,E08000037,Other,3,3,1.0
2011-8,E08000037,Street Lights,3,3,1.0
2011-8,E09000001,Blocked Drains,1,1,1.0
2011-8,E09000001,Road/Pavement Defects,1,1,1.0
2011-8,E09000002,Dangerous Building/Structure,1,1,1.0
2011-8,E09000002,Dumped Rubbish,1,1,1.0
2011-8,E09000003,Abandoned Vehicles,1,1,1.0
2011-8,E09000003,Blocked Drains,2,2,1.0
2011-8,E09000003,Dangerous Building/Structure,1,1,1.0
2011-8,E09000003,Dumped Rubbish,8,6,1.3333333333333333
2011-8,E09000003,Parking,1,1,1.0
2011-8,E09000003,Road/Pavement Defects,12,11,1.0909090909090908
2011-8,E09000003,Street Cleaning,1,1,1.0
2011-8,E09000003,Street Furniture,2,1,2.0
2011-8,E09000003,Street Signs,2,2,1.0
2011-8,E09000004,Road/Pavement Defects,2,2,1.0
2011-8,E09000004,Street Cleaning,1,1,1.0
2011-8,E09000004,Street Signs,1,1,1.0
2011-8,E09000005,Abandoned Vehicles,1,1,1.0
2011-8,E09000005,Dangerous Building/Structure,1,1,1.0
2011-8,E09000005,Dumped Rubbish,2,2,1.0
2011-8,E09000005,Road/Pavement Defects,7,7,1.0
2011-8,E09000005,Street Cleaning,1,1,1.0
2011-8,E09000005,Traffic Lights,1,1,1.0
2011-8,E09000006,Bin Collection,1,1,1.0
2011-8,E09000006,Dumped Rubbish,3,3,1.0
2011-8,E09000006,Fallen/Dangerous Trees,1,1,1.0
2011-8,E09000006,Road/Pavement Defects,4,4,1.0
2011-8,E09000006,Street Cleaning,1,1,1.0
2011-8,E09000006,Street Lights,3,2,1.5
2011-8,E09000007,Bin Collection,1,1,1.0
2011-8,E09000007,Dumped Rubbish,8,3,2.6666666666666665
2011-8,E09000007,Fallen/Dangerous Trees,1,1,1.0
2011-8,E09000007,Road/Pavement Defects,5,5,1.0
2011-8,E09000007,Street Lights,1,1,1.0
2011-8,E09000007,Street Signs,1,1,1.0
2011-8,E09000008,Bin Collection,1,1,1.0
2011-8,E09000008,Dangerous Building/Structure,2,1,2.0
2011-8,E09000008,Dumped Rubbish,1,1,1.0
2011-8,E09000008,Flyposting,1,1,1.0
2011-8,E09000008,Parking,1,1,1.0
2011-8,E09000008,Road/Pavement Defects,4,4,1.0
2011-8,E09000008,Street Cleaning,1,1,1.0
2011-8,E09000008,Street Lights,2,2,1.0
2011-8,E09000008,Traffic Lights,1,1,1.0
2011-8,E09000009,Abandoned Vehicles,1,1,1.0
2011-8,E09000009,Dumped Rubbish,1,1,1.0
2011-8,E09000009,Road/Pavement Defects,4,4,1.0
2011-8,E09000009,Street Lights,2,2,1.0
2011-8,E09000009,Street Signs,1,1,1.0
2011-8,E09000010,Dumped Rubbish,3,3,1.0
2011-8,E09000010,Fallen/Dangerous Trees,2,2,1.0
2011-8,E09000010,Graffiti,1,1,1.0
2011-8,E09000010,Litter/Litter Bin,1,1,1.0
2011-8,E09000010,Parking,3,2,1.5
2011-8,E09000010,Road/Pavement Defects,8,7,1.1428571428571428
2011-8,E09000010,Street Cleaning,1,1,1.0
2011-8,E09000010,Street Lights,1,1,1.0
2011-8,E09000011,Dangerous Building/Structure,1,1,1.0
2011-8,E09000011,Graffiti,1,1,1.0
2011-8,E09000011,Road/Pavement Defects,1,1,1.0
2011-8,E09000011,Skips,1,1,1.0
2011-8,E09000011,Street Cleaning,1,1,1.0
2011-8,E09000012,Abandoned Vehicles,1,1,1.0
2011-8,E09000012,Dead Animals,2,2,1.0
2011-8,E09000012,Road/Pavement Defects,4,4,1.0
2011-8,E09000012,Street Cleaning,1,1,1.0
2011-8,E09000012,Street Furniture,1,1,1.0
2011-8,E09000012,Street Lights,1,1,1.0
2011-8,E09000012,Traffic Lights,1,1,1.0
2011-8,E09000013,Bin Collection,1,1,1.0
2011-8,E09000013,Dumped Rubbish,1,1,1.0
2011-8,E09000013,Fallen/Dangerous Trees,1,1,1.0
2011-8,E09000013,Road/Pavement Defects,3,3,1.0
2011-8,E09000013,Street Cleaning,1,1,1.0
2011-8,E09000013,Street Lights,1,1,1.0
2011-8,E09000014,Abandoned Vehicles,1,1,1.0
2011-8,E09000014,Dangerous Building/Structure,1,1,1.0
2011-8,E09000014,Dumped Rubbish,4,2,2.0
2011-8,E09000014,Graffiti,2,1,2.0
2011-8,E09000014,Parking,1,1,1.0
2011-8,E09000014,Road/Pavement Defects,12,8,1.5
2011-8,E09000014,Traffic Lights,1,1,1.0
2011-8,E09000015,Abandoned Vehicles,1,1,1.0
2011-8,E09000015,Dangerous Building/Structure,1,1,1.0
2011-8,E09000015,Graffiti,1,1,1.0
2011-8,E09000015,Gritting,1,1,1.0
2011-8,E09000015,Road/Pavement Defects,3,3,1.0
2011-8,E09000015,Street Lights,1,1,1.0
2011-8,E09000015,Street Signs,1,1,1.0
2011-8,E09000016,Abandoned Vehicles,1,1,1.0
2011-8,E09000016,Blocked Drains,1,1,1.0
2011-8,E09000016,Fallen/Dangerous Trees,1,1,1.0
2011-8,E09000016,Graffiti,2,1,2.0
2011-8,E09000016,Road/Pavement Defects,2,2,1.0
2011-8,E09000017,Dumped Rubbish,4,2,2.0
2011-8,E09000017,Parking,1,1,1.0
2011-8,E09000017,Road/Pavement Defects,7,4,1.75
2011-8,E09000018,Abandoned Vehicles,2,2,1.0
2011-8,E09000018,Blocked Drains,1,1,1.0
2011-8,E09000018,Dangerous Building/Structure,2,2,1.0
2011-8,E09000018,Dumped Rubbish,4,4,1.0
2011-8,E09000018,Graffiti,3,1,3.0
2011-8,E09000018,Litter/Litter Bin,1,1,1.0
2011-8,E09000018,Parking,1,1,1.0
2011-8,E09000018,Road/Pavement Defects,3,3,1.0
2011-8,E09000018,Street Signs,1,1,1.0
2011-8,E09000018,Traffic Lights,2,2,1.0
2011-8,E09000019,Dangerous Building/Structure,1,1,1.0
2011-8,E09000019,Dumped Rubbish,5,2,2.5
2011-8,E09000019,Parking,1,1,1.0
2011-8,E09000019,Road/Pavement Defects,9,8,1.125
2011-8,E09000019,Traffic Lights,2,2,1.0
2011-8,E09000020,Bin Collection,1,1,1.0
2011-8,E09000020,Dumped Rubbish,2,2,1.0
2011-8,E09000020,Parking,1,1,1.0
2011-8,E09000020,Road/Pavement Defects,1,1,1.0
2011-8,E09000020,Street Furniture,2,1,2.0
2011-8,E09000020,Street Lights,2,2,1.0
2011-8,E09000020,Street Signs,1,1,1.0
2011-8,E09000021,Dangerous Building/Structure,1,1,1.0
2011-8,E09000021,Dumped Rubbish,2,2,1.0
2011-8,E09000021,Road/Pavement Defects,3,3,1.0
2011-8,E09000021,Street Lights,1,1,1.0
2011-8,E09000021,Street Signs,2,2,1.0
2011-8,E09000021,Traffic Lights,1,1,1.0
2011-8,E09000022,Blocked Drains,3,1,3.0
2011-8,E09000022,Dangerous Building/Structure,1,1,1.0
2011-8,E09000022,Dumped Rubbish,4,3,1.3333333333333333
2011-8,E09000022,Fallen/Dangerous Trees,3,3,1.0
2011-8,E09000022,Litter/Litter Bin,1,1,1.0
2011-8,E09000022,Parking,1,1,1.0
2011-8,E09000022,Road/Pavement Defects,12,12,1.0
2011-8,E09000022,Street Cleaning,3,1,3.0
2011-8,E09000022,Street Lights,1,1,1.0
2011-8,E09000022,Street Signs,1,1,1.0
2011-8,E09000022,Traffic Lights,1,1,1.0
2011-8,E09000022,Untaxed Vehcile,1,1,1.0
2011-8,E09000023,Abandoned Vehicles,3,3,1.0
2011-8,E09000023,Blocked Drains,1,1,1.0
2011-8,E09000023,Dumped Rubbish,2,2,1.0
2011-8,E09000023,Flyposting,1,1,1.0
2011-8,E09000023,Road/Pavement Defects,8,7,1.1428571428571428
2011-8,E09000023,Street Cleaning,1,1,1.0
2011-8,E09000023,Street Lights,1,1,1.0
2011-8,E09000023,Street Signs,1,1,1.0
2011-8,E09000024,Abandoned Vehicles,1,1,1.0
2011-8,E09000024,Dumped Rubbish,4,3,1.3333333333333333
2011-8,E09000024,Fallen/Dangerous Trees,1,1,1.0
2011-8,E09000024,Graffiti,1,1,1.0
2011-8,E09000024,Road/Pavement Defects,6,4,1.5
2011-8,E09000024,Street Cleaning,2,2,1.0
2011-8,E09000024,Street Signs,2,2,1.0
2011-8,E09000024,Traffic Lights,1,1,1.0
2011-8,E09000024,Untaxed Vehcile,1,1,1.0
2011-8,E09000025,Dumped Rubbish,1,1,1.0
2011-8,E09000025,Flyposting,1,1,1.0
2011-8,E09000025,Parking,1,1,1.0
2011-8,E09000025,Road/Pavement Defects,2,2,1.0
2011-8,E09000025,Street Cleaning,2,2,1.0
2011-8,E09000026,Blocked Drains,1,1,1.0
2011-8,E09000026,Dead Animals,1,1,1.0
2011-8,E09000026,Road/Pavement Defects,3,3,1.0
2011-8,E09000026,Street Furniture,1,1,1.0
2011-8,E09000026,Traffic Lights,1,1,1.0
2011-8,E09000027,Blocked Drains,2,2,1.0
2011-8,E09000027,Flyposting,1,1,1.0
2011-8,E09000027,Road/Pavement Defects,5,4,1.25
2011-8,E09000027,Street Cleaning,1,1,1.0
2011-8,E09000027,Street Furniture,1,1,1.0
2011-8,E09000027,Street Lights,1,1,1.0
2011-8,E09000028,Abandoned Vehicles,1,1,1.0
2011-8,E09000028,Dumped Rubbish,1,1,1.0
2011-8,E09000028,Fallen/Dangerous Trees,1,1,1.0
2011-8,E09000028,Graffiti,1,1,1.0
2011-8,E09000028,Road/Pavement Defects,9,6,1.5
2011-8,E09000028,Street Cleaning,1,1,1.0
2011-8,E09000028,Street Lights,2,2,1.0
2011-8,E09000028,Street Signs,1,1,1.0
2011-8,E09000029,Abandoned Vehicles,1,1,1.0
2011-8,E09000029,Dumped Rubbish,3,3,1.0
2011-8,E09000029,Road/Pavement Defects,1,1,1.0
2011-8,E09000029,Untaxed Vehcile,1,1,1.0
2011-8,E09000030,Abandoned Vehicles,1,1,1.0
2011-8,E09000030,Bin Collection,3,2,1.5
2011-8,E09000030,Dumped Rubbish,8,4,2.0
2011-8,E09000030,Graffiti,1,1,1.0
2011-8,E09000030,Parking,1,1,1.0
2011-8,E09000030,Road/Pavement Defects,2,1,2.0
2011-8,E09000030,Street Cleaning,1,1,1.0
2011-8,E09000030,Street Furniture,1,1,1.0
2011-8,E09000030,Street Signs,1,1,1.0
2011-8,E09000031,Dumped Rubbish,7,3,2.3333333333333335
2011-8,E09000031,Road/Pavement Defects,2,2,1.0
2011-8,E09000031,Street Furniture,1,1,1.0
2011-8,E09000031,Street Lights,2,2,1.0
2011-8,E09000032,Bin Collection,1,1,1.0
2011-8,E09000032,Dumped Rubbish,10,3,3.3333333333333335
2011-8,E09000032,Graffiti,1,1,1.0
2011-8,E09000032,Road/Pavement Defects,10,10,1.0
2011-8,E09000032,Street Lights,2,2,1.0
2011-8,E09000032,Street Signs,1,1,1.0
2011-8,E09000032,Traffic Lights,1,1,1.0
2011-8,E09000033,Blocked Drains,5,4,1.25
2011-8,E09000033,Dumped Rubbish,1,1,1.0
2011-8,E09000033,Graffiti,1,1,1.0
2011-8,E09000033,Litter/Litter Bin,1,1,1.0
2011-8,E09000033,Road/Pavement Defects,10,8,1.25
2011-8,E09000033,Skips,1,1,1.0
2011-8,E09000033,Traffic Lights,1,1,1.0
2011-8,S12000006,Dog Fouling,1,1,1.0
2011-8,S12000006,Highway Condition,6,4,1.5
2011-8,S12000006,Street Lights,1,1,1.0
2011-8,S12000010,Potholes,3,2,1.5
2011-8,S12000010,Street Cleaning,1,1,1.0
2011-8,S12000011,Highway Condition,1,1,1.0
2011-8,S12000011,Other,1,1,1.0
2011-8,S12000011,Potholes,6,5,1.2
2011-8,S12000011,Street Lights,1,1,1.0
2011-8,S12000011,Traffic Lights,1,1,1.0
2011-8,S12000013,Other,1,1,1.0
2011-8,S12000014,Bus Stops Damage,1,1,1.0
2011-8,S12000014,Dog Fouling,1,1,1.0
2011-8,S12000014,Fallen/Dangerous Trees,2,2,1.0
2011-8,S12000014,Fly-tipping,1,1,1.0
2011-8,S12000014,Highway Condition,21,18,1.1666666666666667
2011-8,S12000014,Open Spaces/Parks,3,3,1.0
2011-8,S12000014,Other,10,9,1.1111111111111112
2011-8,S12000014,Parking,1,1,1.0
2011-8,S12000014,Pavement /Footway Defects,6,6,1.0
2011-8,S12000014,Potholes,15,15,1.0
2011-8,S12000014,Public Toilets,1,1,1.0
2011-8,S12000014,Rubbish,5,5,1.0
2011-8,S12000014,Street Cleaning,1,1,1.0
2011-8,S12000014,Street Lights,5,5,1.0
2011-8,S12000014,Street Name Plates,2,2,1.0
2011-8,S12000014,Street Signs,4,4,1.0
2011-8,S12000014,Traffic Lights,1,1,1.0
2011-8,S12000015,Abandoned Vehicles,1,1,1.0
2011-8,S12000015,Dog Fouling,1,1,1.0
2011-8,S12000015,Fallen/Dangerous Trees,1,1,1.0
2011-8,S12000015,Fly-tipping,3,2,1.5
2011-8,S12000015,Highway Condition,3,3,1.0
2011-8,S12000015,Open Spaces/Parks,1,1,1.0
2011-8,S12000015,Other,5,5,1.0
2011-8,S12000015,Parking,1,1,1.0
2011-8,S12000015,Pavement /Footway Defects,1,1,1.0
2011-8,S12000015,Potholes,5,5,1.0
2011-8,S12000015,Street Lights,6,6,1.0
2011-8,S12000015,Street Signs,1,1,1.0
2011-8,S12000017,Fly-tipping,1,1,1.0
2011-8,S12000017,Highway Condition,5,3,1.6666666666666667
2011-8,S12000017,Other,2,2,1.0
2011-8,S12000017,Potholes,8,6,1.3333333333333333
2011-8,S12000017,Traffic Lights,1,1,1.0
2011-8,S12000019,Fly-tipping,2,1,2.0
2011-8,S12000019,Highway Condition,2,1,2.0
2011-8,S12000019,Open Spaces/Parks,2,2,1.0
2011-8,S12000019,Other,5,2,2.5
2011-8,S12000019,Parking,3,1,3.0
2011-8,S12000019,Pavement /Footway Defects,1,1,1.0
2011-8,S12000019,Potholes,1,1,1.0
2011-8,S12000019,Street Cleaning,2,2,1.0
2011-8,S12000019,Street Lights,2,2,1.0
2011-8,S12000019,Street Signs,1,1,1.0
2011-8,S12000020,Dog Fouling,1,1,1.0
2011-8,S12000020,Fly-tipping,1,1,1.0
2011-8,S12000020,Highway Condition,2,2,1.0
2011-8,S12000020,Other,1,1,1.0
2011-8,S12000021,Highway Condition,1,1,1.0
2011-8,S12000021,Pavement /Footway Defects,3,2,1.5
2011-8,S12000021,Potholes,4,4,1.0
2011-8,S12000021,Street Lights,2,2,1.0
2011-8,S12000024,Fly-tipping,1,1,1.0
2011-8,S12000024,Open Spaces/Parks,2,1,2.0
2011-8,S12000024,Other,1,1,1.0
2011-8,S12000024,Pavement /Footway Defects,3,2,1.5
2011-8,S12000024,Street Name Plates,1,1,1.0
2011-8,S12000026,Potholes,1,1,1.0
2011-8,S12000028,Abandoned Vehicles,1,1,1.0
2011-8,S12000028,Dog Fouling,1,1,1.0
2011-8,S12000028,Other,1,1,1.0
2011-8,S12000028,Street Cleaning,7,1,7.0
2011-8,S12000028,Street Signs,3,1,3.0
2011-8,S12000029,Bus Stops Damage,1,1,1.0
2011-8,S12000029,Dog Fouling,1,1,1.0
2011-8,S12000029,Fallen/Dangerous Trees,1,1,1.0
2011-8,S12000029,Highway Condition,1,1,1.0
2011-8,S12000029,Open Spaces/Parks,1,1,1.0
2011-8,S12000029,Other,3,3,1.0
2011-8,S12000029,Pavement /Footway Defects,3,3,1.0
2011-8,S12000029,Potholes,4,3,1.3333333333333333
2011-8,S12000029,Rubbish,1,1,1.0
2011-8,S12000029,Street Cleaning,1,1,1.0
2011-8,S12000029,Street Lights,4,4,1.0
2011-8,S12000030,Highway Condition,3,2,1.5
2011-8,S12000030,Pavement /Footway Defects,1,1,1.0
2011-8,S12000030,Potholes,3,3,1.0
2011-8,S12000033,Fallen/Dangerous Trees,2,2,1.0
2011-8,S12000033,Fly-tipping,2,1,2.0
2011-8,S12000033,Highway Condition,1,1,1.0
2011-8,S12000033,Pavement /Footway Defects,2,2,1.0
2011-8,S12000033,Potholes,2,2,1.0
2011-8,S12000033,Street Signs,1,1,1.0
2011-8,S12000034,Highway Condition,9,4,2.25
2011-8,S12000034,Open Spaces/Parks,2,2,1.0
2011-8,S12000034,Other,1,1,1.0
2011-8,S12000034,Pavement /Footway Defects,1,1,1.0
2011-8,S12000034,Potholes,1,1,1.0
2011-8,S12000034,Rubbish,1,1,1.0
2011-8,S12000034,Street Cleaning,1,1,1.0
2011-8,S12000034,Street Lights,2,2,1.0
2011-8,S12000035,Abandoned Vehicles,1,1,1.0
2011-8,S12000035,Highway Condition,1,1,1.0
2011-8,S12000035,Street Lights,1,1,1.0
2011-8,S12000036,Abandoned Vehicles,3,3,1.0
2011-8,S12000036,Dog Fouling,3,1,3.0
2011-8,S12000036,Fly-tipping,4,4,1.0
2011-8,S12000036,Highway Condition,7,7,1.0
2011-8,S12000036,Open Spaces/Parks,2,2,1.0
2011-8,S12000036,Other,7,7,1.0
2011-8,S12000036,Parking,1,1,1.0
2011-8,S12000036,Pavement /Footway Defects,4,4,1.0
2011-8,S12000036,Potholes,11,9,1.2222222222222223
2011-8,S12000036,Rubbish,2,2,1.0
2011-8,S12000036,Street Cleaning,1,1,1.0
2011-8,S12000036,Street Signs,2,2,1.0
2011-8,S12000036,Traffic Lights,1,1,1.0
2011-8,S12000038,Other,1,1,1.0
2011-8,S12000038,Potholes,12,8,1.5
2011-8,S12000038,Street Cleaning,1,1,1.0
2011-8,S12000038,Street Lights,2,2,1.0
2011-8,S12000039,Open Spaces/Parks,1,1,1.0
2011-8,S12000039,Pavement /Footway Defects,2,2,1.0
2011-8,S12000039,Potholes,1,1,1.0
2011-8,S12000039,Street Lights,4,3,1.3333333333333333
2011-8,S12000040,Highway Condition,2,2,1.0
2011-8,S12000040,Pavement /Footway Defects,3,2,1.5
2011-8,S12000040,Potholes,1,1,1.0
2011-8,S12000040,Street Lights,1,1,1.0
2011-8,S12000042,Fallen/Dangerous Trees,2,1,2.0
2011-8,S12000042,Fly-tipping,1,1,1.0
2011-8,S12000042,Potholes,8,4,2.0
2011-8,S12000044,Bus Stops Damage,1,1,1.0
2011-8,S12000044,Dog Fouling,1,1,1.0
2011-8,S12000044,Fallen/Dangerous Trees,1,1,1.0
2011-8,S12000044,Fly-tipping,1,1,1.0
2011-8,S12000044,Highway Condition,3,3,1.0
2011-8,S12000044,Other,1,1,1.0
2011-8,S12000044,Pavement /Footway Defects,1,1,1.0
2011-8,S12000044,Potholes,10,7,1.4285714285714286
2011-8,S12000044,Rubbish,5,1,5.0
2011-8,S12000044,Street Lights,2,2,1.0
2011-8,S12000044,Street Signs,2,1,2.0
2011-8,S12000045,Dog Fouling,1,1,1.0
2011-8,S12000045,Fallen/Dangerous Trees,1,1,1.0
2011-8,S12000045,Highway Condition,5,4,1.25
2011-8,S12000045,Potholes,5,4,1.25
2011-8,S12000045,Rubbish,1,1,1.0
2011-8,S12000045,Street Lights,2,2,1.0
2011-8,S12000046,Abandoned Vehicles,3,3,1.0
2011-8,S12000046,Dog Fouling,4,4,1.0
2011-8,S12000046,Fallen/Dangerous Trees,1,1,1.0
2011-8,S12000046,Fly-tipping,5,5,1.0
2011-8,S12000046,Graffiti,1,1,1.0
2011-8,S12000046,Highway Condition,11,11,1.0
2011-8,S12000046,Other,8,7,1.1428571428571428
2011-8,S12000046,Parking,1,1,1.0
2011-8,S12000046,Pavement /Footway Defects,12,10,1.2
2011-8,S12000046,Potholes,26,16,1.625
2011-8,S12000046,Rubbish,10,7,1.4285714285714286
2011-8,S12000046,Street Cleaning,1,1,1.0
2011-8,S12000046,Street Lights,7,5,1.4
2011-8,S12000046,Traffic Lights,3,2,1.5
2011-8,W06000001,Parking,1,1,1.0
2011-8,W06000002,Pavement /Footway Defects,2,1,2.0
2011-8,W06000002,Street Lights,1,1,1.0
2011-8,W06000003,Dog Fouling,1,1,1.0
2011-8,W06000003,Fly-tipping,1,1,1.0
2011-8,W06000003,Highway Condition,5,5,1.0
2011-8,W06000003,Other,1,1,1.0
2011-8,W06000003,Parking,1,1,1.0
2011-8,W06000003,Potholes,3,3,1.0
2011-8,W06000003,Rubbish,1,1,1.0
2011-8,W06000003,Street Cleaning,1,1,1.0
2011-8,W06000003,Street Lights,2,2,1.0
2011-8,W06000003,Traffic Lights,2,2,1.0
2011-8,W06000004,Abandoned Vehicles,1,1,1.0
2011-8,W06000004,Fly-tipping,1,1,1.0
2011-8,W06000004,Highway Condition,1,1,1.0
2011-8,W06000004,Other,1,1,1.0
2011-8,W06000004,Potholes,3,2,1.5
2011-8,W06000005,Fly-tipping,2,2,1.0
2011-8,W06000005,Highway Condition,2,2,1.0
2011-8,W06000005,Open Spaces/Parks,1,1,1.0
2011-8,W06000005,Street Lights,3,3,1.0
2011-8,W06000006,Fly-tipping,2,1,2.0
2011-8,W06000006,Open Spaces/Parks,1,1,1.0
2011-8,W06000006,Rubbish,1,1,1.0
2011-8,W06000008,Dog Fouling,1,1,1.0
2011-8,W06000009,Graffiti,1,1,1.0
2011-8,W06000009,Potholes,1,1,1.0
2011-8,W06000011,Highway Condition,1,1,1.0
2011-8,W06000011,Other,1,1,1.0
2011-8,W06000011,Parking,1,1,1.0
2011-8,W06000011,Potholes,2,2,1.0
2011-8,W06000011,Street Cleaning,1,1,1.0
2011-8,W06000012,Dog Fouling,1,1,1.0
2011-8,W06000012,Other,1,1,1.0
2011-8,W06000012,Pavement /Footway Defects,1,1,1.0
2011-8,W06000012,Potholes,1,1,1.0
2011-8,W06000013,Other,1,1,1.0
2011-8,W06000013,Street Cleaning,1,1,1.0
2011-8,W06000013,Street Lights,1,1,1.0
2011-8,W06000014,Fly-tipping,1,1,1.0
2011-8,W06000014,Open Spaces/Parks,1,1,1.0
2011-8,W06000015,Dog Fouling,2,2,1.0
2011-8,W06000015,Fallen/Dangerous Trees,2,2,1.0
2011-8,W06000015,Graffiti,1,1,1.0
2011-8,W06000015,Highway Condition,2,2,1.0
2011-8,W06000015,Other,1,1,1.0
2011-8,W06000015,Parking,2,2,1.0
2011-8,W06000015,Pavement /Footway Defects,3,3,1.0
2011-8,W06000015,Potholes,5,5,1.0
2011-8,W06000015,Rubbish,4,3,1.3333333333333333
2011-8,W06000015,Street Lights,4,4,1.0
2011-8,W06000015,Traffic Lights,4,3,1.3333333333333333
2011-8,W06000016,Dog Fouling,1,1,1.0
2011-8,W06000016,Fallen/Dangerous Trees,1,1,1.0
2011-8,W06000016,Other,2,2,1.0
2011-8,W06000016,Potholes,1,1,1.0
2011-8,W06000016,Street Lights,1,1,1.0
2011-8,W06000018,Graffiti,1,1,1.0
2011-8,W06000018,Highway Condition,1,1,1.0
2011-8,W06000018,Other,2,1,2.0
2011-8,W06000018,Pavement /Footway Defects,1,1,1.0
2011-8,W06000019,Graffiti,1,1,1.0
2011-8,W06000019,Highway Condition,1,1,1.0
2011-8,W06000020,Fallen/Dangerous Trees,1,1,1.0
2011-8,W06000020,Highway Condition,1,1,1.0
2011-8,W06000020,Other,1,1,1.0
2011-8,W06000020,Pavement /Footway Defects,1,1,1.0
2011-8,W06000020,Street Lights,1,1,1.0
2011-8,W06000021,Fly-tipping,1,1,1.0
2011-8,W06000021,Other,2,2,1.0
2011-8,W06000021,Potholes,1,1,1.0
2011-8,W06000021,Street Lights,2,2,1.0
2011-8,W06000022,Other,1,1,1.0
2011-8,W06000022,Potholes,1,1,1.0
2011-8,W06000022,Street Cleaning,1,1,1.0
2011-8,W06000022,Street Name Plates,1,1,1.0
2011-8,W06000022,Street Signs,1,1,1.0
2011-8,W06000023,Highway Condition,1,1,1.0
2011-8,W06000023,Potholes,1,1,1.0
2011-8,W06000024,Potholes,2,2,1.0
2011-8,,Graffiti,2,2,1.0
2011-8,,Highway Condition,1,1,1.0
2011-8,,Other,2,2,1.0
2011-8,,Road/Pavement Defects,3,3,1.0
2011-8,,Street Cleaning,1,1,1.0
2011-8,,Street Furniture,1,1,1.0
2011-8,,Street Lights,1,1,1.0
2011-8,,Street Name Plates,1,1,1.0
